{"class_name": "Model", "config": {"name": "G_chain_2", "layers": [{"name": "input_36", "class_name": "InputLayer", "config": {"batch_input_shape": [null, 8, 8, 200], "dtype": "float32", "sparse": false, "name": "input_36"}, "inbound_nodes": []}, {"name": "up_sampling2d_9", "class_name": "UpSampling2D", "config": {"name": "up_sampling2d_9", "trainable": true, "dtype": "float32", "size": [2, 2], "data_format": "channels_last", "interpolation": "nearest"}, "inbound_nodes": [[["input_36", 0, 0, {}]]]}, {"name": "conv2d_39", "class_name": "Conv2D", "config": {"name": "conv2d_39", "trainable": true, "dtype": "float32", "filters": 200, "kernel_size": [4, 4], "strides": [1, 1], "padding": "same", "data_format": "channels_last", "dilation_rate": [1, 1], "activation": "linear", "use_bias": true, "kernel_initializer": {"class_name": "RandomNormal", "config": {"mean": 0.0, "stddev": 0.02, "seed": null}}, "bias_initializer": {"class_name": "Zeros", "config": {}}, "kernel_regularizer": null, "bias_regularizer": null, "activity_regularizer": null, "kernel_constraint": {"class_name": "MaxNorm", "config": {"max_value": 1.0, "axis": 0}}, "bias_constraint": null}, "inbound_nodes": [[["up_sampling2d_9", 0, 0, {}]]]}, {"name": "pixel_normalization_17", "class_name": "PixelNormalization", "config": {"name": "pixel_normalization_17", "trainable": true, "dtype": "float32"}, "inbound_nodes": [[["conv2d_39", 0, 0, {}]]]}, {"name": "leaky_re_lu_37", "class_name": "LeakyReLU", "config": {"name": "leaky_re_lu_37", "trainable": true, "dtype": "float32", "alpha": 0.20000000298023224}, "inbound_nodes": [[["pixel_normalization_17", 0, 0, {}]]]}, {"name": "conv2d_40", "class_name": "Conv2D", "config": {"name": "conv2d_40", "trainable": true, "dtype": "float32", "filters": 200, "kernel_size": [3, 3], "strides": [1, 1], "padding": "same", "data_format": "channels_last", "dilation_rate": [1, 1], "activation": "linear", "use_bias": true, "kernel_initializer": {"class_name": "RandomNormal", "config": {"mean": 0.0, "stddev": 0.02, "seed": null}}, "bias_initializer": {"class_name": "Zeros", "config": {}}, "kernel_regularizer": null, "bias_regularizer": null, "activity_regularizer": null, "kernel_constraint": {"class_name": "MaxNorm", "config": {"max_value": 1.0, "axis": 0}}, "bias_constraint": null}, "inbound_nodes": [[["leaky_re_lu_37", 0, 0, {}]]]}, {"name": "pixel_normalization_18", "class_name": "PixelNormalization", "config": {"name": "pixel_normalization_18", "trainable": true, "dtype": "float32"}, "inbound_nodes": [[["conv2d_40", 0, 0, {}]]]}, {"name": "leaky_re_lu_38", "class_name": "LeakyReLU", "config": {"name": "leaky_re_lu_38", "trainable": true, "dtype": "float32", "alpha": 0.20000000298023224}, "inbound_nodes": [[["pixel_normalization_18", 0, 0, {}]]]}], "input_layers": [["input_36", 0, 0]], "output_layers": [["leaky_re_lu_38", 0, 0]]}, "keras_version": "2.2.5", "backend": "tensorflow"}