{"class_name": "Model", "config": {"name": "G_chain_1", "layers": [{"name": "input_27", "class_name": "InputLayer", "config": {"batch_input_shape": [null, 4, 4, 200], "dtype": "float32", "sparse": false, "name": "input_27"}, "inbound_nodes": []}, {"name": "up_sampling2d_7", "class_name": "UpSampling2D", "config": {"name": "up_sampling2d_7", "trainable": true, "dtype": "float32", "size": [2, 2], "data_format": "channels_last", "interpolation": "nearest"}, "inbound_nodes": [[["input_27", 0, 0, {}]]]}, {"name": "conv2d_33", "class_name": "Conv2D", "config": {"name": "conv2d_33", "trainable": true, "dtype": "float32", "filters": 200, "kernel_size": [4, 4], "strides": [1, 1], "padding": "same", "data_format": "channels_last", "dilation_rate": [1, 1], "activation": "linear", "use_bias": true, "kernel_initializer": {"class_name": "RandomNormal", "config": {"mean": 0.0, "stddev": 0.02, "seed": null}}, "bias_initializer": {"class_name": "Zeros", "config": {}}, "kernel_regularizer": null, "bias_regularizer": null, "activity_regularizer": null, "kernel_constraint": {"class_name": "MaxNorm", "config": {"max_value": 1.0, "axis": 0}}, "bias_constraint": null}, "inbound_nodes": [[["up_sampling2d_7", 0, 0, {}]]]}, {"name": "pixel_normalization_15", "class_name": "PixelNormalization", "config": {"name": "pixel_normalization_15", "trainable": true, "dtype": "float32"}, "inbound_nodes": [[["conv2d_33", 0, 0, {}]]]}, {"name": "leaky_re_lu_32", "class_name": "LeakyReLU", "config": {"name": "leaky_re_lu_32", "trainable": true, "dtype": "float32", "alpha": 0.20000000298023224}, "inbound_nodes": [[["pixel_normalization_15", 0, 0, {}]]]}, {"name": "conv2d_34", "class_name": "Conv2D", "config": {"name": "conv2d_34", "trainable": true, "dtype": "float32", "filters": 200, "kernel_size": [3, 3], "strides": [1, 1], "padding": "same", "data_format": "channels_last", "dilation_rate": [1, 1], "activation": "linear", "use_bias": true, "kernel_initializer": {"class_name": "RandomNormal", "config": {"mean": 0.0, "stddev": 0.02, "seed": null}}, "bias_initializer": {"class_name": "Zeros", "config": {}}, "kernel_regularizer": null, "bias_regularizer": null, "activity_regularizer": null, "kernel_constraint": {"class_name": "MaxNorm", "config": {"max_value": 1.0, "axis": 0}}, "bias_constraint": null}, "inbound_nodes": [[["leaky_re_lu_32", 0, 0, {}]]]}, {"name": "pixel_normalization_16", "class_name": "PixelNormalization", "config": {"name": "pixel_normalization_16", "trainable": true, "dtype": "float32"}, "inbound_nodes": [[["conv2d_34", 0, 0, {}]]]}, {"name": "leaky_re_lu_33", "class_name": "LeakyReLU", "config": {"name": "leaky_re_lu_33", "trainable": true, "dtype": "float32", "alpha": 0.20000000298023224}, "inbound_nodes": [[["pixel_normalization_16", 0, 0, {}]]]}], "input_layers": [["input_27", 0, 0]], "output_layers": [["leaky_re_lu_33", 0, 0]]}, "keras_version": "2.2.5", "backend": "tensorflow"}