{"class_name": "Model", "config": {"name": "model_39", "layers": [{"name": "input_24", "class_name": "InputLayer", "config": {"batch_input_shape": [null, 256, 256, 3], "dtype": "float32", "sparse": false, "name": "input_24"}, "inbound_nodes": []}, {"name": "conv2d_58", "class_name": "Conv2D", "config": {"name": "conv2d_58", "trainable": true, "dtype": "float32", "filters": 32, "kernel_size": [3, 3], "strides": [1, 1], "padding": "same", "data_format": "channels_last", "dilation_rate": [1, 1], "activation": "linear", "use_bias": true, "kernel_initializer": {"class_name": "VarianceScaling", "config": {"scale": 2.0, "mode": "fan_in", "distribution": "normal", "seed": null}}, "bias_initializer": {"class_name": "Zeros", "config": {}}, "kernel_regularizer": null, "bias_regularizer": null, "activity_regularizer": null, "kernel_constraint": null, "bias_constraint": null}, "inbound_nodes": [[["input_24", 0, 0, {}]]]}, {"name": "leaky_re_lu_40", "class_name": "LeakyReLU", "config": {"name": "leaky_re_lu_40", "trainable": true, "dtype": "float32", "alpha": 0.10000000149011612}, "inbound_nodes": [[["conv2d_58", 0, 0, {}]]]}, {"name": "conv2d_59", "class_name": "Conv2D", "config": {"name": "conv2d_59", "trainable": true, "dtype": "float32", "filters": 64, "kernel_size": [3, 3], "strides": [1, 1], "padding": "same", "data_format": "channels_last", "dilation_rate": [1, 1], "activation": "linear", "use_bias": true, "kernel_initializer": {"class_name": "VarianceScaling", "config": {"scale": 2.0, "mode": "fan_in", "distribution": "normal", "seed": null}}, "bias_initializer": {"class_name": "Zeros", "config": {}}, "kernel_regularizer": null, "bias_regularizer": null, "activity_regularizer": null, "kernel_constraint": null, "bias_constraint": null}, "inbound_nodes": [[["leaky_re_lu_40", 0, 0, {}]]]}, {"name": "leaky_re_lu_41", "class_name": "LeakyReLU", "config": {"name": "leaky_re_lu_41", "trainable": true, "dtype": "float32", "alpha": 0.009999999776482582}, "inbound_nodes": [[["conv2d_59", 0, 0, {}]]]}, {"name": "average_pooling2d_9", "class_name": "AveragePooling2D", "config": {"name": "average_pooling2d_9", "trainable": true, "dtype": "float32", "pool_size": [2, 2], "padding": "valid", "strides": [2, 2], "data_format": "channels_last"}, "inbound_nodes": [[["leaky_re_lu_41", 0, 0, {}]]]}, {"name": "conv2d_60", "class_name": "Conv2D", "config": {"name": "conv2d_60", "trainable": true, "dtype": "float32", "filters": 64, "kernel_size": [3, 3], "strides": [1, 1], "padding": "same", "data_format": "channels_last", "dilation_rate": [1, 1], "activation": "linear", "use_bias": true, "kernel_initializer": {"class_name": "VarianceScaling", "config": {"scale": 2.0, "mode": "fan_in", "distribution": "normal", "seed": null}}, "bias_initializer": {"class_name": "Zeros", "config": {}}, "kernel_regularizer": null, "bias_regularizer": null, "activity_regularizer": null, "kernel_constraint": null, "bias_constraint": null}, "inbound_nodes": [[["average_pooling2d_9", 0, 0, {}]]]}, {"name": "leaky_re_lu_42", "class_name": "LeakyReLU", "config": {"name": "leaky_re_lu_42", "trainable": true, "dtype": "float32", "alpha": 0.009999999776482582}, "inbound_nodes": [[["conv2d_60", 0, 0, {}]]]}, {"name": "conv2d_61", "class_name": "Conv2D", "config": {"name": "conv2d_61", "trainable": true, "dtype": "float32", "filters": 128, "kernel_size": [3, 3], "strides": [1, 1], "padding": "same", "data_format": "channels_last", "dilation_rate": [1, 1], "activation": "linear", "use_bias": true, "kernel_initializer": {"class_name": "VarianceScaling", "config": {"scale": 2.0, "mode": "fan_in", "distribution": "normal", "seed": null}}, "bias_initializer": {"class_name": "Zeros", "config": {}}, "kernel_regularizer": null, "bias_regularizer": null, "activity_regularizer": null, "kernel_constraint": null, "bias_constraint": null}, "inbound_nodes": [[["leaky_re_lu_42", 0, 0, {}]]]}, {"name": "leaky_re_lu_43", "class_name": "LeakyReLU", "config": {"name": "leaky_re_lu_43", "trainable": true, "dtype": "float32", "alpha": 0.009999999776482582}, "inbound_nodes": [[["conv2d_61", 0, 0, {}]]]}, {"name": "average_pooling2d_10", "class_name": "AveragePooling2D", "config": {"name": "average_pooling2d_10", "trainable": true, "dtype": "float32", "pool_size": [2, 2], "padding": "valid", "strides": [2, 2], "data_format": "channels_last"}, "inbound_nodes": [[["leaky_re_lu_43", 0, 0, {}]]]}, {"name": "conv2d_62", "class_name": "Conv2D", "config": {"name": "conv2d_62", "trainable": true, "dtype": "float32", "filters": 128, "kernel_size": [3, 3], "strides": [1, 1], "padding": "same", "data_format": "channels_last", "dilation_rate": [1, 1], "activation": "linear", "use_bias": true, "kernel_initializer": {"class_name": "VarianceScaling", "config": {"scale": 2.0, "mode": "fan_in", "distribution": "normal", "seed": null}}, "bias_initializer": {"class_name": "Zeros", "config": {}}, "kernel_regularizer": null, "bias_regularizer": null, "activity_regularizer": null, "kernel_constraint": null, "bias_constraint": null}, "inbound_nodes": [[["average_pooling2d_10", 0, 0, {}]]]}, {"name": "leaky_re_lu_44", "class_name": "LeakyReLU", "config": {"name": "leaky_re_lu_44", "trainable": true, "dtype": "float32", "alpha": 0.009999999776482582}, "inbound_nodes": [[["conv2d_62", 0, 0, {}]]]}, {"name": "conv2d_63", "class_name": "Conv2D", "config": {"name": "conv2d_63", "trainable": true, "dtype": "float32", "filters": 256, "kernel_size": [3, 3], "strides": [1, 1], "padding": "same", "data_format": "channels_last", "dilation_rate": [1, 1], "activation": "linear", "use_bias": true, "kernel_initializer": {"class_name": "VarianceScaling", "config": {"scale": 2.0, "mode": "fan_in", "distribution": "normal", "seed": null}}, "bias_initializer": {"class_name": "Zeros", "config": {}}, "kernel_regularizer": null, "bias_regularizer": null, "activity_regularizer": null, "kernel_constraint": null, "bias_constraint": null}, "inbound_nodes": [[["leaky_re_lu_44", 0, 0, {}]]]}, {"name": "leaky_re_lu_45", "class_name": "LeakyReLU", "config": {"name": "leaky_re_lu_45", "trainable": true, "dtype": "float32", "alpha": 0.009999999776482582}, "inbound_nodes": [[["conv2d_63", 0, 0, {}]]]}, {"name": "average_pooling2d_11", "class_name": "AveragePooling2D", "config": {"name": "average_pooling2d_11", "trainable": true, "dtype": "float32", "pool_size": [2, 2], "padding": "valid", "strides": [2, 2], "data_format": "channels_last"}, "inbound_nodes": [[["leaky_re_lu_45", 0, 0, {}]]]}, {"name": "conv2d_64", "class_name": "Conv2D", "config": {"name": "conv2d_64", "trainable": true, "dtype": "float32", "filters": 256, "kernel_size": [3, 3], "strides": [1, 1], "padding": "same", "data_format": "channels_last", "dilation_rate": [1, 1], "activation": "linear", "use_bias": true, "kernel_initializer": {"class_name": "VarianceScaling", "config": {"scale": 2.0, "mode": "fan_in", "distribution": "normal", "seed": null}}, "bias_initializer": {"class_name": "Zeros", "config": {}}, "kernel_regularizer": null, "bias_regularizer": null, "activity_regularizer": null, "kernel_constraint": null, "bias_constraint": null}, "inbound_nodes": [[["average_pooling2d_11", 0, 0, {}]]]}, {"name": "leaky_re_lu_46", "class_name": "LeakyReLU", "config": {"name": "leaky_re_lu_46", "trainable": true, "dtype": "float32", "alpha": 0.009999999776482582}, "inbound_nodes": [[["conv2d_64", 0, 0, {}]]]}, {"name": "conv2d_65", "class_name": "Conv2D", "config": {"name": "conv2d_65", "trainable": true, "dtype": "float32", "filters": 256, "kernel_size": [3, 3], "strides": [1, 1], "padding": "same", "data_format": "channels_last", "dilation_rate": [1, 1], "activation": "linear", "use_bias": true, "kernel_initializer": {"class_name": "VarianceScaling", "config": {"scale": 2.0, "mode": "fan_in", "distribution": "normal", "seed": null}}, "bias_initializer": {"class_name": "Zeros", "config": {}}, "kernel_regularizer": null, "bias_regularizer": null, "activity_regularizer": null, "kernel_constraint": null, "bias_constraint": null}, "inbound_nodes": [[["leaky_re_lu_46", 0, 0, {}]]]}, {"name": "leaky_re_lu_47", "class_name": "LeakyReLU", "config": {"name": "leaky_re_lu_47", "trainable": true, "dtype": "float32", "alpha": 0.009999999776482582}, "inbound_nodes": [[["conv2d_65", 0, 0, {}]]]}, {"name": "average_pooling2d_12", "class_name": "AveragePooling2D", "config": {"name": "average_pooling2d_12", "trainable": true, "dtype": "float32", "pool_size": [2, 2], "padding": "valid", "strides": [2, 2], "data_format": "channels_last"}, "inbound_nodes": [[["leaky_re_lu_47", 0, 0, {}]]]}, {"name": "conv2d_66", "class_name": "Conv2D", "config": {"name": "conv2d_66", "trainable": true, "dtype": "float32", "filters": 256, "kernel_size": [3, 3], "strides": [1, 1], "padding": "same", "data_format": "channels_last", "dilation_rate": [1, 1], "activation": "linear", "use_bias": true, "kernel_initializer": {"class_name": "VarianceScaling", "config": {"scale": 2.0, "mode": "fan_in", "distribution": "normal", "seed": null}}, "bias_initializer": {"class_name": "Zeros", "config": {}}, "kernel_regularizer": null, "bias_regularizer": null, "activity_regularizer": null, "kernel_constraint": null, "bias_constraint": null}, "inbound_nodes": [[["average_pooling2d_12", 0, 0, {}]]]}, {"name": "leaky_re_lu_48", "class_name": "LeakyReLU", "config": {"name": "leaky_re_lu_48", "trainable": true, "dtype": "float32", "alpha": 0.009999999776482582}, "inbound_nodes": [[["conv2d_66", 0, 0, {}]]]}, {"name": "flatten_3", "class_name": "Flatten", "config": {"name": "flatten_3", "trainable": true, "dtype": "float32", "data_format": "channels_last"}, "inbound_nodes": [[["leaky_re_lu_48", 0, 0, {}]]]}, {"name": "dense_27", "class_name": "Dense", "config": {"name": "dense_27", "trainable": true, "dtype": "float32", "units": 1, "activation": "linear", "use_bias": true, "kernel_initializer": {"class_name": "VarianceScaling", "config": {"scale": 1.0, "mode": "fan_avg", "distribution": "uniform", "seed": null}}, "bias_initializer": {"class_name": "Zeros", "config": {}}, "kernel_regularizer": null, "bias_regularizer": null, "activity_regularizer": null, "kernel_constraint": null, "bias_constraint": null}, "inbound_nodes": [[["flatten_3", 0, 0, {}]]]}], "input_layers": [["input_24", 0, 0]], "output_layers": [["dense_27", 0, 0]]}, "keras_version": "2.2.5", "backend": "tensorflow"}