{"class_name": "Model", "config": {"name": "model_7", "layers": [{"name": "input_1", "class_name": "InputLayer", "config": {"batch_input_shape": [null, 100], "dtype": "float32", "sparse": false, "name": "input_1"}, "inbound_nodes": []}, {"name": "normalize_1", "class_name": "Normalize", "config": {"name": "normalize_1", "trainable": false, "dtype": "float32"}, "inbound_nodes": [[["input_1", 0, 0, {}]]]}, {"name": "dense_1", "class_name": "Dense", "config": {"name": "dense_1", "trainable": false, "dtype": "float32", "units": 256, "activation": "linear", "use_bias": true, "kernel_initializer": {"class_name": "VarianceScaling", "config": {"scale": 2.0, "mode": "fan_in", "distribution": "normal", "seed": null}}, "bias_initializer": {"class_name": "Zeros", "config": {}}, "kernel_regularizer": null, "bias_regularizer": null, "activity_regularizer": null, "kernel_constraint": null, "bias_constraint": null}, "inbound_nodes": [[["normalize_1", 0, 0, {}]]]}, {"name": "dense_2", "class_name": "Dense", "config": {"name": "dense_2", "trainable": false, "dtype": "float32", "units": 256, "activation": "linear", "use_bias": true, "kernel_initializer": {"class_name": "VarianceScaling", "config": {"scale": 2.0, "mode": "fan_in", "distribution": "normal", "seed": null}}, "bias_initializer": {"class_name": "Zeros", "config": {}}, "kernel_regularizer": null, "bias_regularizer": null, "activity_regularizer": null, "kernel_constraint": null, "bias_constraint": null}, "inbound_nodes": [[["dense_1", 0, 0, {}]]]}, {"name": "leaky_re_lu_1", "class_name": "LeakyReLU", "config": {"name": "leaky_re_lu_1", "trainable": false, "dtype": "float32", "alpha": 0.10000000149011612}, "inbound_nodes": [[["dense_2", 0, 0, {}]]]}, {"name": "dense_3", "class_name": "Dense", "config": {"name": "dense_3", "trainable": false, "dtype": "float32", "units": 256, "activation": "linear", "use_bias": true, "kernel_initializer": {"class_name": "VarianceScaling", "config": {"scale": 2.0, "mode": "fan_in", "distribution": "normal", "seed": null}}, "bias_initializer": {"class_name": "Zeros", "config": {}}, "kernel_regularizer": null, "bias_regularizer": null, "activity_regularizer": null, "kernel_constraint": null, "bias_constraint": null}, "inbound_nodes": [[["leaky_re_lu_1", 0, 0, {}]]]}, {"name": "leaky_re_lu_2", "class_name": "LeakyReLU", "config": {"name": "leaky_re_lu_2", "trainable": false, "dtype": "float32", "alpha": 0.10000000149011612}, "inbound_nodes": [[["dense_3", 0, 0, {}]]]}, {"name": "dense_4", "class_name": "Dense", "config": {"name": "dense_4", "trainable": false, "dtype": "float32", "units": 256, "activation": "linear", "use_bias": true, "kernel_initializer": {"class_name": "VarianceScaling", "config": {"scale": 2.0, "mode": "fan_in", "distribution": "normal", "seed": null}}, "bias_initializer": {"class_name": "Zeros", "config": {}}, "kernel_regularizer": null, "bias_regularizer": null, "activity_regularizer": null, "kernel_constraint": null, "bias_constraint": null}, "inbound_nodes": [[["leaky_re_lu_2", 0, 0, {}]]]}, {"name": "leaky_re_lu_3", "class_name": "LeakyReLU", "config": {"name": "leaky_re_lu_3", "trainable": false, "dtype": "float32", "alpha": 0.10000000149011612}, "inbound_nodes": [[["dense_4", 0, 0, {}]]]}, {"name": "dense_5", "class_name": "Dense", "config": {"name": "dense_5", "trainable": false, "dtype": "float32", "units": 256, "activation": "linear", "use_bias": true, "kernel_initializer": {"class_name": "VarianceScaling", "config": {"scale": 2.0, "mode": "fan_in", "distribution": "normal", "seed": null}}, "bias_initializer": {"class_name": "Zeros", "config": {}}, "kernel_regularizer": null, "bias_regularizer": null, "activity_regularizer": null, "kernel_constraint": null, "bias_constraint": null}, "inbound_nodes": [[["leaky_re_lu_3", 0, 0, {}]]]}, {"name": "leaky_re_lu_4", "class_name": "LeakyReLU", "config": {"name": "leaky_re_lu_4", "trainable": false, "dtype": "float32", "alpha": 0.10000000149011612}, "inbound_nodes": [[["dense_5", 0, 0, {}]]]}, {"name": "dense_6", "class_name": "Dense", "config": {"name": "dense_6", "trainable": false, "dtype": "float32", "units": 256, "activation": "linear", "use_bias": true, "kernel_initializer": {"class_name": "VarianceScaling", "config": {"scale": 2.0, "mode": "fan_in", "distribution": "normal", "seed": null}}, "bias_initializer": {"class_name": "Zeros", "config": {}}, "kernel_regularizer": null, "bias_regularizer": null, "activity_regularizer": null, "kernel_constraint": null, "bias_constraint": null}, "inbound_nodes": [[["leaky_re_lu_4", 0, 0, {}]]]}, {"name": "leaky_re_lu_5", "class_name": "LeakyReLU", "config": {"name": "leaky_re_lu_5", "trainable": false, "dtype": "float32", "alpha": 0.10000000149011612}, "inbound_nodes": [[["dense_6", 0, 0, {}]]]}, {"name": "dense_7", "class_name": "Dense", "config": {"name": "dense_7", "trainable": false, "dtype": "float32", "units": 256, "activation": "linear", "use_bias": true, "kernel_initializer": {"class_name": "VarianceScaling", "config": {"scale": 2.0, "mode": "fan_in", "distribution": "normal", "seed": null}}, "bias_initializer": {"class_name": "Zeros", "config": {}}, "kernel_regularizer": null, "bias_regularizer": null, "activity_regularizer": null, "kernel_constraint": null, "bias_constraint": null}, "inbound_nodes": [[["leaky_re_lu_5", 0, 0, {}]]]}, {"name": "leaky_re_lu_6", "class_name": "LeakyReLU", "config": {"name": "leaky_re_lu_6", "trainable": false, "dtype": "float32", "alpha": 0.10000000149011612}, "inbound_nodes": [[["dense_7", 0, 0, {}]]]}, {"name": "dense_8", "class_name": "Dense", "config": {"name": "dense_8", "trainable": false, "dtype": "float32", "units": 256, "activation": "linear", "use_bias": true, "kernel_initializer": {"class_name": "VarianceScaling", "config": {"scale": 2.0, "mode": "fan_in", "distribution": "normal", "seed": null}}, "bias_initializer": {"class_name": "Zeros", "config": {}}, "kernel_regularizer": null, "bias_regularizer": null, "activity_regularizer": null, "kernel_constraint": null, "bias_constraint": null}, "inbound_nodes": [[["leaky_re_lu_6", 0, 0, {}]]]}, {"name": "leaky_re_lu_7", "class_name": "LeakyReLU", "config": {"name": "leaky_re_lu_7", "trainable": false, "dtype": "float32", "alpha": 0.10000000149011612}, "inbound_nodes": [[["dense_8", 0, 0, {}]]]}], "input_layers": [["input_1", 0, 0]], "output_layers": [["leaky_re_lu_7", 0, 0]]}, "keras_version": "2.2.5", "backend": "tensorflow"}