{"class_name": "Model", "config": {"name": "model_21", "layers": [{"name": "input_13", "class_name": "InputLayer", "config": {"batch_input_shape": [null, 256, 256, 3], "dtype": "float32", "sparse": false, "name": "input_13"}, "inbound_nodes": []}, {"name": "conv2d_36", "class_name": "Conv2D", "config": {"name": "conv2d_36", "trainable": true, "dtype": "float32", "filters": 32, "kernel_size": [3, 3], "strides": [1, 1], "padding": "same", "data_format": "channels_last", "dilation_rate": [1, 1], "activation": "linear", "use_bias": true, "kernel_initializer": {"class_name": "VarianceScaling", "config": {"scale": 2.0, "mode": "fan_in", "distribution": "normal", "seed": null}}, "bias_initializer": {"class_name": "Zeros", "config": {}}, "kernel_regularizer": null, "bias_regularizer": null, "activity_regularizer": null, "kernel_constraint": null, "bias_constraint": null}, "inbound_nodes": [[["input_13", 0, 0, {}]]]}, {"name": "leaky_re_lu_40", "class_name": "LeakyReLU", "config": {"name": "leaky_re_lu_40", "trainable": true, "dtype": "float32", "alpha": 0.009999999776482582}, "inbound_nodes": [[["conv2d_36", 0, 0, {}]]]}, {"name": "conv2d_37", "class_name": "Conv2D", "config": {"name": "conv2d_37", "trainable": true, "dtype": "float32", "filters": 32, "kernel_size": [3, 3], "strides": [1, 1], "padding": "same", "data_format": "channels_last", "dilation_rate": [1, 1], "activation": "linear", "use_bias": true, "kernel_initializer": {"class_name": "VarianceScaling", "config": {"scale": 2.0, "mode": "fan_in", "distribution": "normal", "seed": null}}, "bias_initializer": {"class_name": "Zeros", "config": {}}, "kernel_regularizer": null, "bias_regularizer": null, "activity_regularizer": null, "kernel_constraint": null, "bias_constraint": null}, "inbound_nodes": [[["leaky_re_lu_40", 0, 0, {}]]]}, {"name": "leaky_re_lu_41", "class_name": "LeakyReLU", "config": {"name": "leaky_re_lu_41", "trainable": true, "dtype": "float32", "alpha": 0.10000000149011612}, "inbound_nodes": [[["conv2d_37", 0, 0, {}]]]}, {"name": "average_pooling2d_5", "class_name": "AveragePooling2D", "config": {"name": "average_pooling2d_5", "trainable": true, "dtype": "float32", "pool_size": [2, 2], "padding": "valid", "strides": [2, 2], "data_format": "channels_last"}, "inbound_nodes": [[["leaky_re_lu_41", 0, 0, {}]]]}, {"name": "conv2d_38", "class_name": "Conv2D", "config": {"name": "conv2d_38", "trainable": true, "dtype": "float32", "filters": 32, "kernel_size": [3, 3], "strides": [1, 1], "padding": "same", "data_format": "channels_last", "dilation_rate": [1, 1], "activation": "linear", "use_bias": true, "kernel_initializer": {"class_name": "VarianceScaling", "config": {"scale": 2.0, "mode": "fan_in", "distribution": "normal", "seed": null}}, "bias_initializer": {"class_name": "Zeros", "config": {}}, "kernel_regularizer": null, "bias_regularizer": null, "activity_regularizer": null, "kernel_constraint": null, "bias_constraint": null}, "inbound_nodes": [[["average_pooling2d_5", 0, 0, {}]]]}, {"name": "leaky_re_lu_42", "class_name": "LeakyReLU", "config": {"name": "leaky_re_lu_42", "trainable": true, "dtype": "float32", "alpha": 0.10000000149011612}, "inbound_nodes": [[["conv2d_38", 0, 0, {}]]]}, {"name": "conv2d_39", "class_name": "Conv2D", "config": {"name": "conv2d_39", "trainable": true, "dtype": "float32", "filters": 64, "kernel_size": [3, 3], "strides": [1, 1], "padding": "same", "data_format": "channels_last", "dilation_rate": [1, 1], "activation": "linear", "use_bias": true, "kernel_initializer": {"class_name": "VarianceScaling", "config": {"scale": 2.0, "mode": "fan_in", "distribution": "normal", "seed": null}}, "bias_initializer": {"class_name": "Zeros", "config": {}}, "kernel_regularizer": null, "bias_regularizer": null, "activity_regularizer": null, "kernel_constraint": null, "bias_constraint": null}, "inbound_nodes": [[["leaky_re_lu_42", 0, 0, {}]]]}, {"name": "leaky_re_lu_43", "class_name": "LeakyReLU", "config": {"name": "leaky_re_lu_43", "trainable": true, "dtype": "float32", "alpha": 0.10000000149011612}, "inbound_nodes": [[["conv2d_39", 0, 0, {}]]]}, {"name": "average_pooling2d_6", "class_name": "AveragePooling2D", "config": {"name": "average_pooling2d_6", "trainable": true, "dtype": "float32", "pool_size": [2, 2], "padding": "valid", "strides": [2, 2], "data_format": "channels_last"}, "inbound_nodes": [[["leaky_re_lu_43", 0, 0, {}]]]}, {"name": "conv2d_40", "class_name": "Conv2D", "config": {"name": "conv2d_40", "trainable": true, "dtype": "float32", "filters": 64, "kernel_size": [3, 3], "strides": [1, 1], "padding": "same", "data_format": "channels_last", "dilation_rate": [1, 1], "activation": "linear", "use_bias": true, "kernel_initializer": {"class_name": "VarianceScaling", "config": {"scale": 2.0, "mode": "fan_in", "distribution": "normal", "seed": null}}, "bias_initializer": {"class_name": "Zeros", "config": {}}, "kernel_regularizer": null, "bias_regularizer": null, "activity_regularizer": null, "kernel_constraint": null, "bias_constraint": null}, "inbound_nodes": [[["average_pooling2d_6", 0, 0, {}]]]}, {"name": "leaky_re_lu_44", "class_name": "LeakyReLU", "config": {"name": "leaky_re_lu_44", "trainable": true, "dtype": "float32", "alpha": 0.10000000149011612}, "inbound_nodes": [[["conv2d_40", 0, 0, {}]]]}, {"name": "conv2d_41", "class_name": "Conv2D", "config": {"name": "conv2d_41", "trainable": true, "dtype": "float32", "filters": 128, "kernel_size": [3, 3], "strides": [1, 1], "padding": "same", "data_format": "channels_last", "dilation_rate": [1, 1], "activation": "linear", "use_bias": true, "kernel_initializer": {"class_name": "VarianceScaling", "config": {"scale": 2.0, "mode": "fan_in", "distribution": "normal", "seed": null}}, "bias_initializer": {"class_name": "Zeros", "config": {}}, "kernel_regularizer": null, "bias_regularizer": null, "activity_regularizer": null, "kernel_constraint": null, "bias_constraint": null}, "inbound_nodes": [[["leaky_re_lu_44", 0, 0, {}]]]}, {"name": "leaky_re_lu_45", "class_name": "LeakyReLU", "config": {"name": "leaky_re_lu_45", "trainable": true, "dtype": "float32", "alpha": 0.10000000149011612}, "inbound_nodes": [[["conv2d_41", 0, 0, {}]]]}, {"name": "average_pooling2d_7", "class_name": "AveragePooling2D", "config": {"name": "average_pooling2d_7", "trainable": true, "dtype": "float32", "pool_size": [2, 2], "padding": "valid", "strides": [2, 2], "data_format": "channels_last"}, "inbound_nodes": [[["leaky_re_lu_45", 0, 0, {}]]]}, {"name": "conv2d_42", "class_name": "Conv2D", "config": {"name": "conv2d_42", "trainable": true, "dtype": "float32", "filters": 128, "kernel_size": [3, 3], "strides": [1, 1], "padding": "same", "data_format": "channels_last", "dilation_rate": [1, 1], "activation": "linear", "use_bias": true, "kernel_initializer": {"class_name": "VarianceScaling", "config": {"scale": 2.0, "mode": "fan_in", "distribution": "normal", "seed": null}}, "bias_initializer": {"class_name": "Zeros", "config": {}}, "kernel_regularizer": null, "bias_regularizer": null, "activity_regularizer": null, "kernel_constraint": null, "bias_constraint": null}, "inbound_nodes": [[["average_pooling2d_7", 0, 0, {}]]]}, {"name": "leaky_re_lu_46", "class_name": "LeakyReLU", "config": {"name": "leaky_re_lu_46", "trainable": true, "dtype": "float32", "alpha": 0.10000000149011612}, "inbound_nodes": [[["conv2d_42", 0, 0, {}]]]}, {"name": "conv2d_43", "class_name": "Conv2D", "config": {"name": "conv2d_43", "trainable": true, "dtype": "float32", "filters": 256, "kernel_size": [3, 3], "strides": [1, 1], "padding": "same", "data_format": "channels_last", "dilation_rate": [1, 1], "activation": "linear", "use_bias": true, "kernel_initializer": {"class_name": "VarianceScaling", "config": {"scale": 2.0, "mode": "fan_in", "distribution": "normal", "seed": null}}, "bias_initializer": {"class_name": "Zeros", "config": {}}, "kernel_regularizer": null, "bias_regularizer": null, "activity_regularizer": null, "kernel_constraint": null, "bias_constraint": null}, "inbound_nodes": [[["leaky_re_lu_46", 0, 0, {}]]]}, {"name": "leaky_re_lu_47", "class_name": "LeakyReLU", "config": {"name": "leaky_re_lu_47", "trainable": true, "dtype": "float32", "alpha": 0.10000000149011612}, "inbound_nodes": [[["conv2d_43", 0, 0, {}]]]}, {"name": "average_pooling2d_8", "class_name": "AveragePooling2D", "config": {"name": "average_pooling2d_8", "trainable": true, "dtype": "float32", "pool_size": [2, 2], "padding": "valid", "strides": [2, 2], "data_format": "channels_last"}, "inbound_nodes": [[["leaky_re_lu_47", 0, 0, {}]]]}, {"name": "conv2d_44", "class_name": "Conv2D", "config": {"name": "conv2d_44", "trainable": true, "dtype": "float32", "filters": 256, "kernel_size": [3, 3], "strides": [1, 1], "padding": "same", "data_format": "channels_last", "dilation_rate": [1, 1], "activation": "linear", "use_bias": true, "kernel_initializer": {"class_name": "VarianceScaling", "config": {"scale": 2.0, "mode": "fan_in", "distribution": "normal", "seed": null}}, "bias_initializer": {"class_name": "Zeros", "config": {}}, "kernel_regularizer": null, "bias_regularizer": null, "activity_regularizer": null, "kernel_constraint": null, "bias_constraint": null}, "inbound_nodes": [[["average_pooling2d_8", 0, 0, {}]]]}, {"name": "leaky_re_lu_48", "class_name": "LeakyReLU", "config": {"name": "leaky_re_lu_48", "trainable": true, "dtype": "float32", "alpha": 0.10000000149011612}, "inbound_nodes": [[["conv2d_44", 0, 0, {}]]]}, {"name": "flatten_2", "class_name": "Flatten", "config": {"name": "flatten_2", "trainable": true, "dtype": "float32", "data_format": "channels_last"}, "inbound_nodes": [[["leaky_re_lu_48", 0, 0, {}]]]}, {"name": "dense_11", "class_name": "Dense", "config": {"name": "dense_11", "trainable": true, "dtype": "float32", "units": 128, "activation": "linear", "use_bias": true, "kernel_initializer": {"class_name": "VarianceScaling", "config": {"scale": 1.0, "mode": "fan_avg", "distribution": "uniform", "seed": null}}, "bias_initializer": {"class_name": "Zeros", "config": {}}, "kernel_regularizer": null, "bias_regularizer": null, "activity_regularizer": null, "kernel_constraint": null, "bias_constraint": null}, "inbound_nodes": [[["flatten_2", 0, 0, {}]]]}, {"name": "activation_5", "class_name": "Activation", "config": {"name": "activation_5", "trainable": true, "dtype": "float32", "activation": "relu"}, "inbound_nodes": [[["dense_11", 0, 0, {}]]]}, {"name": "dropout_2", "class_name": "Dropout", "config": {"name": "dropout_2", "trainable": true, "dtype": "float32", "rate": 0.3, "noise_shape": null, "seed": null}, "inbound_nodes": [[["activation_5", 0, 0, {}]]]}, {"name": "dense_12", "class_name": "Dense", "config": {"name": "dense_12", "trainable": true, "dtype": "float32", "units": 1, "activation": "linear", "use_bias": true, "kernel_initializer": {"class_name": "VarianceScaling", "config": {"scale": 1.0, "mode": "fan_avg", "distribution": "uniform", "seed": null}}, "bias_initializer": {"class_name": "Zeros", "config": {}}, "kernel_regularizer": null, "bias_regularizer": null, "activity_regularizer": null, "kernel_constraint": null, "bias_constraint": null}, "inbound_nodes": [[["dropout_2", 0, 0, {}]]]}, {"name": "activation_6", "class_name": "Activation", "config": {"name": "activation_6", "trainable": true, "dtype": "float32", "activation": "sigmoid"}, "inbound_nodes": [[["dense_12", 0, 0, {}]]]}], "input_layers": [["input_13", 0, 0]], "output_layers": [["activation_6", 0, 0]]}, "keras_version": "2.2.5", "backend": "tensorflow"}