{"class_name": "Model", "config": {"name": "model_38", "layers": [{"name": "input_22", "class_name": "InputLayer", "config": {"batch_input_shape": [null, 4, 4, 256], "dtype": "float32", "sparse": false, "name": "input_22"}, "inbound_nodes": []}, {"name": "apply_noise_25", "class_name": "ApplyNoise", "config": {"name": "apply_noise_25", "trainable": false, "dtype": "float32"}, "inbound_nodes": [[["input_22", 0, 0, {}]]]}, {"name": "input_23", "class_name": "InputLayer", "config": {"batch_input_shape": [null, 256], "dtype": "float32", "sparse": false, "name": "input_23"}, "inbound_nodes": []}, {"name": "ada_in_25", "class_name": "AdaIN", "config": {"name": "ada_in_25", "trainable": false, "dtype": "float32", "axis": -1, "momentum": 0.99, "epsilon": 0.001, "center": true, "scale": true}, "inbound_nodes": [[["apply_noise_25", 0, 0, {}], ["input_23", 0, 0, {}]]]}, {"name": "conv2d_45", "class_name": "Conv2D", "config": {"name": "conv2d_45", "trainable": false, "dtype": "float32", "filters": 256, "kernel_size": [3, 3], "strides": [1, 1], "padding": "same", "data_format": "channels_last", "dilation_rate": [1, 1], "activation": "linear", "use_bias": true, "kernel_initializer": {"class_name": "VarianceScaling", "config": {"scale": 2.0, "mode": "fan_in", "distribution": "normal", "seed": null}}, "bias_initializer": {"class_name": "Zeros", "config": {}}, "kernel_regularizer": null, "bias_regularizer": null, "activity_regularizer": null, "kernel_constraint": null, "bias_constraint": null}, "inbound_nodes": [[["ada_in_25", 0, 0, {}]]]}, {"name": "apply_noise_26", "class_name": "ApplyNoise", "config": {"name": "apply_noise_26", "trainable": false, "dtype": "float32"}, "inbound_nodes": [[["conv2d_45", 0, 0, {}]]]}, {"name": "ada_in_26", "class_name": "AdaIN", "config": {"name": "ada_in_26", "trainable": false, "dtype": "float32", "axis": -1, "momentum": 0.99, "epsilon": 0.001, "center": true, "scale": true}, "inbound_nodes": [[["apply_noise_26", 0, 0, {}], ["input_23", 0, 0, {}]]]}, {"name": "up_sampling2d_13", "class_name": "UpSampling2D", "config": {"name": "up_sampling2d_13", "trainable": false, "dtype": "float32", "size": [2, 2], "data_format": "channels_last", "interpolation": "bilinear"}, "inbound_nodes": [[["ada_in_26", 0, 0, {}]]]}, {"name": "conv2d_46", "class_name": "Conv2D", "config": {"name": "conv2d_46", "trainable": false, "dtype": "float32", "filters": 256, "kernel_size": [3, 3], "strides": [1, 1], "padding": "same", "data_format": "channels_last", "dilation_rate": [1, 1], "activation": "linear", "use_bias": true, "kernel_initializer": {"class_name": "VarianceScaling", "config": {"scale": 2.0, "mode": "fan_in", "distribution": "normal", "seed": null}}, "bias_initializer": {"class_name": "Zeros", "config": {}}, "kernel_regularizer": null, "bias_regularizer": null, "activity_regularizer": null, "kernel_constraint": null, "bias_constraint": null}, "inbound_nodes": [[["up_sampling2d_13", 0, 0, {}]]]}, {"name": "apply_noise_27", "class_name": "ApplyNoise", "config": {"name": "apply_noise_27", "trainable": false, "dtype": "float32"}, "inbound_nodes": [[["conv2d_46", 0, 0, {}]]]}, {"name": "ada_in_27", "class_name": "AdaIN", "config": {"name": "ada_in_27", "trainable": false, "dtype": "float32", "axis": -1, "momentum": 0.99, "epsilon": 0.001, "center": true, "scale": true}, "inbound_nodes": [[["apply_noise_27", 0, 0, {}], ["input_23", 0, 0, {}]]]}, {"name": "conv2d_47", "class_name": "Conv2D", "config": {"name": "conv2d_47", "trainable": false, "dtype": "float32", "filters": 256, "kernel_size": [3, 3], "strides": [1, 1], "padding": "same", "data_format": "channels_last", "dilation_rate": [1, 1], "activation": "linear", "use_bias": true, "kernel_initializer": {"class_name": "VarianceScaling", "config": {"scale": 2.0, "mode": "fan_in", "distribution": "normal", "seed": null}}, "bias_initializer": {"class_name": "Zeros", "config": {}}, "kernel_regularizer": null, "bias_regularizer": null, "activity_regularizer": null, "kernel_constraint": null, "bias_constraint": null}, "inbound_nodes": [[["ada_in_27", 0, 0, {}]]]}, {"name": "apply_noise_28", "class_name": "ApplyNoise", "config": {"name": "apply_noise_28", "trainable": false, "dtype": "float32"}, "inbound_nodes": [[["conv2d_47", 0, 0, {}]]]}, {"name": "ada_in_28", "class_name": "AdaIN", "config": {"name": "ada_in_28", "trainable": false, "dtype": "float32", "axis": -1, "momentum": 0.99, "epsilon": 0.001, "center": true, "scale": true}, "inbound_nodes": [[["apply_noise_28", 0, 0, {}], ["input_23", 0, 0, {}]]]}, {"name": "up_sampling2d_14", "class_name": "UpSampling2D", "config": {"name": "up_sampling2d_14", "trainable": false, "dtype": "float32", "size": [2, 2], "data_format": "channels_last", "interpolation": "bilinear"}, "inbound_nodes": [[["ada_in_28", 0, 0, {}]]]}, {"name": "conv2d_48", "class_name": "Conv2D", "config": {"name": "conv2d_48", "trainable": false, "dtype": "float32", "filters": 192, "kernel_size": [3, 3], "strides": [1, 1], "padding": "same", "data_format": "channels_last", "dilation_rate": [1, 1], "activation": "linear", "use_bias": true, "kernel_initializer": {"class_name": "VarianceScaling", "config": {"scale": 2.0, "mode": "fan_in", "distribution": "normal", "seed": null}}, "bias_initializer": {"class_name": "Zeros", "config": {}}, "kernel_regularizer": null, "bias_regularizer": null, "activity_regularizer": null, "kernel_constraint": null, "bias_constraint": null}, "inbound_nodes": [[["up_sampling2d_14", 0, 0, {}]]]}, {"name": "apply_noise_29", "class_name": "ApplyNoise", "config": {"name": "apply_noise_29", "trainable": false, "dtype": "float32"}, "inbound_nodes": [[["conv2d_48", 0, 0, {}]]]}, {"name": "ada_in_29", "class_name": "AdaIN", "config": {"name": "ada_in_29", "trainable": false, "dtype": "float32", "axis": -1, "momentum": 0.99, "epsilon": 0.001, "center": true, "scale": true}, "inbound_nodes": [[["apply_noise_29", 0, 0, {}], ["input_23", 0, 0, {}]]]}, {"name": "conv2d_49", "class_name": "Conv2D", "config": {"name": "conv2d_49", "trainable": false, "dtype": "float32", "filters": 192, "kernel_size": [3, 3], "strides": [1, 1], "padding": "same", "data_format": "channels_last", "dilation_rate": [1, 1], "activation": "linear", "use_bias": true, "kernel_initializer": {"class_name": "VarianceScaling", "config": {"scale": 2.0, "mode": "fan_in", "distribution": "normal", "seed": null}}, "bias_initializer": {"class_name": "Zeros", "config": {}}, "kernel_regularizer": null, "bias_regularizer": null, "activity_regularizer": null, "kernel_constraint": null, "bias_constraint": null}, "inbound_nodes": [[["ada_in_29", 0, 0, {}]]]}, {"name": "apply_noise_30", "class_name": "ApplyNoise", "config": {"name": "apply_noise_30", "trainable": false, "dtype": "float32"}, "inbound_nodes": [[["conv2d_49", 0, 0, {}]]]}, {"name": "ada_in_30", "class_name": "AdaIN", "config": {"name": "ada_in_30", "trainable": false, "dtype": "float32", "axis": -1, "momentum": 0.99, "epsilon": 0.001, "center": true, "scale": true}, "inbound_nodes": [[["apply_noise_30", 0, 0, {}], ["input_23", 0, 0, {}]]]}, {"name": "up_sampling2d_15", "class_name": "UpSampling2D", "config": {"name": "up_sampling2d_15", "trainable": false, "dtype": "float32", "size": [2, 2], "data_format": "channels_last", "interpolation": "bilinear"}, "inbound_nodes": [[["ada_in_30", 0, 0, {}]]]}, {"name": "conv2d_50", "class_name": "Conv2D", "config": {"name": "conv2d_50", "trainable": false, "dtype": "float32", "filters": 128, "kernel_size": [3, 3], "strides": [1, 1], "padding": "same", "data_format": "channels_last", "dilation_rate": [1, 1], "activation": "linear", "use_bias": true, "kernel_initializer": {"class_name": "VarianceScaling", "config": {"scale": 2.0, "mode": "fan_in", "distribution": "normal", "seed": null}}, "bias_initializer": {"class_name": "Zeros", "config": {}}, "kernel_regularizer": null, "bias_regularizer": null, "activity_regularizer": null, "kernel_constraint": null, "bias_constraint": null}, "inbound_nodes": [[["up_sampling2d_15", 0, 0, {}]]]}, {"name": "apply_noise_31", "class_name": "ApplyNoise", "config": {"name": "apply_noise_31", "trainable": false, "dtype": "float32"}, "inbound_nodes": [[["conv2d_50", 0, 0, {}]]]}, {"name": "ada_in_31", "class_name": "AdaIN", "config": {"name": "ada_in_31", "trainable": false, "dtype": "float32", "axis": -1, "momentum": 0.99, "epsilon": 0.001, "center": true, "scale": true}, "inbound_nodes": [[["apply_noise_31", 0, 0, {}], ["input_23", 0, 0, {}]]]}, {"name": "conv2d_51", "class_name": "Conv2D", "config": {"name": "conv2d_51", "trainable": false, "dtype": "float32", "filters": 128, "kernel_size": [3, 3], "strides": [1, 1], "padding": "same", "data_format": "channels_last", "dilation_rate": [1, 1], "activation": "linear", "use_bias": true, "kernel_initializer": {"class_name": "VarianceScaling", "config": {"scale": 2.0, "mode": "fan_in", "distribution": "normal", "seed": null}}, "bias_initializer": {"class_name": "Zeros", "config": {}}, "kernel_regularizer": null, "bias_regularizer": null, "activity_regularizer": null, "kernel_constraint": null, "bias_constraint": null}, "inbound_nodes": [[["ada_in_31", 0, 0, {}]]]}, {"name": "apply_noise_32", "class_name": "ApplyNoise", "config": {"name": "apply_noise_32", "trainable": false, "dtype": "float32"}, "inbound_nodes": [[["conv2d_51", 0, 0, {}]]]}, {"name": "ada_in_32", "class_name": "AdaIN", "config": {"name": "ada_in_32", "trainable": false, "dtype": "float32", "axis": -1, "momentum": 0.99, "epsilon": 0.001, "center": true, "scale": true}, "inbound_nodes": [[["apply_noise_32", 0, 0, {}], ["input_23", 0, 0, {}]]]}, {"name": "up_sampling2d_16", "class_name": "UpSampling2D", "config": {"name": "up_sampling2d_16", "trainable": false, "dtype": "float32", "size": [2, 2], "data_format": "channels_last", "interpolation": "bilinear"}, "inbound_nodes": [[["ada_in_32", 0, 0, {}]]]}, {"name": "conv2d_52", "class_name": "Conv2D", "config": {"name": "conv2d_52", "trainable": false, "dtype": "float32", "filters": 64, "kernel_size": [3, 3], "strides": [1, 1], "padding": "same", "data_format": "channels_last", "dilation_rate": [1, 1], "activation": "linear", "use_bias": true, "kernel_initializer": {"class_name": "VarianceScaling", "config": {"scale": 2.0, "mode": "fan_in", "distribution": "normal", "seed": null}}, "bias_initializer": {"class_name": "Zeros", "config": {}}, "kernel_regularizer": null, "bias_regularizer": null, "activity_regularizer": null, "kernel_constraint": null, "bias_constraint": null}, "inbound_nodes": [[["up_sampling2d_16", 0, 0, {}]]]}, {"name": "apply_noise_33", "class_name": "ApplyNoise", "config": {"name": "apply_noise_33", "trainable": false, "dtype": "float32"}, "inbound_nodes": [[["conv2d_52", 0, 0, {}]]]}, {"name": "ada_in_33", "class_name": "AdaIN", "config": {"name": "ada_in_33", "trainable": false, "dtype": "float32", "axis": -1, "momentum": 0.99, "epsilon": 0.001, "center": true, "scale": true}, "inbound_nodes": [[["apply_noise_33", 0, 0, {}], ["input_23", 0, 0, {}]]]}, {"name": "conv2d_53", "class_name": "Conv2D", "config": {"name": "conv2d_53", "trainable": false, "dtype": "float32", "filters": 64, "kernel_size": [3, 3], "strides": [1, 1], "padding": "same", "data_format": "channels_last", "dilation_rate": [1, 1], "activation": "linear", "use_bias": true, "kernel_initializer": {"class_name": "VarianceScaling", "config": {"scale": 2.0, "mode": "fan_in", "distribution": "normal", "seed": null}}, "bias_initializer": {"class_name": "Zeros", "config": {}}, "kernel_regularizer": null, "bias_regularizer": null, "activity_regularizer": null, "kernel_constraint": null, "bias_constraint": null}, "inbound_nodes": [[["ada_in_33", 0, 0, {}]]]}, {"name": "apply_noise_34", "class_name": "ApplyNoise", "config": {"name": "apply_noise_34", "trainable": false, "dtype": "float32"}, "inbound_nodes": [[["conv2d_53", 0, 0, {}]]]}, {"name": "ada_in_34", "class_name": "AdaIN", "config": {"name": "ada_in_34", "trainable": false, "dtype": "float32", "axis": -1, "momentum": 0.99, "epsilon": 0.001, "center": true, "scale": true}, "inbound_nodes": [[["apply_noise_34", 0, 0, {}], ["input_23", 0, 0, {}]]]}, {"name": "up_sampling2d_17", "class_name": "UpSampling2D", "config": {"name": "up_sampling2d_17", "trainable": false, "dtype": "float32", "size": [2, 2], "data_format": "channels_last", "interpolation": "bilinear"}, "inbound_nodes": [[["ada_in_34", 0, 0, {}]]]}, {"name": "conv2d_54", "class_name": "Conv2D", "config": {"name": "conv2d_54", "trainable": false, "dtype": "float32", "filters": 48, "kernel_size": [3, 3], "strides": [1, 1], "padding": "same", "data_format": "channels_last", "dilation_rate": [1, 1], "activation": "linear", "use_bias": true, "kernel_initializer": {"class_name": "VarianceScaling", "config": {"scale": 2.0, "mode": "fan_in", "distribution": "normal", "seed": null}}, "bias_initializer": {"class_name": "Zeros", "config": {}}, "kernel_regularizer": null, "bias_regularizer": null, "activity_regularizer": null, "kernel_constraint": null, "bias_constraint": null}, "inbound_nodes": [[["up_sampling2d_17", 0, 0, {}]]]}, {"name": "apply_noise_35", "class_name": "ApplyNoise", "config": {"name": "apply_noise_35", "trainable": false, "dtype": "float32"}, "inbound_nodes": [[["conv2d_54", 0, 0, {}]]]}, {"name": "ada_in_35", "class_name": "AdaIN", "config": {"name": "ada_in_35", "trainable": false, "dtype": "float32", "axis": -1, "momentum": 0.99, "epsilon": 0.001, "center": true, "scale": true}, "inbound_nodes": [[["apply_noise_35", 0, 0, {}], ["input_23", 0, 0, {}]]]}, {"name": "conv2d_55", "class_name": "Conv2D", "config": {"name": "conv2d_55", "trainable": false, "dtype": "float32", "filters": 48, "kernel_size": [3, 3], "strides": [1, 1], "padding": "same", "data_format": "channels_last", "dilation_rate": [1, 1], "activation": "linear", "use_bias": true, "kernel_initializer": {"class_name": "VarianceScaling", "config": {"scale": 2.0, "mode": "fan_in", "distribution": "normal", "seed": null}}, "bias_initializer": {"class_name": "Zeros", "config": {}}, "kernel_regularizer": null, "bias_regularizer": null, "activity_regularizer": null, "kernel_constraint": null, "bias_constraint": null}, "inbound_nodes": [[["ada_in_35", 0, 0, {}]]]}, {"name": "apply_noise_36", "class_name": "ApplyNoise", "config": {"name": "apply_noise_36", "trainable": false, "dtype": "float32"}, "inbound_nodes": [[["conv2d_55", 0, 0, {}]]]}, {"name": "ada_in_36", "class_name": "AdaIN", "config": {"name": "ada_in_36", "trainable": false, "dtype": "float32", "axis": -1, "momentum": 0.99, "epsilon": 0.001, "center": true, "scale": true}, "inbound_nodes": [[["apply_noise_36", 0, 0, {}], ["input_23", 0, 0, {}]]]}, {"name": "up_sampling2d_18", "class_name": "UpSampling2D", "config": {"name": "up_sampling2d_18", "trainable": false, "dtype": "float32", "size": [2, 2], "data_format": "channels_last", "interpolation": "bilinear"}, "inbound_nodes": [[["ada_in_36", 0, 0, {}]]]}, {"name": "conv2d_56", "class_name": "Conv2D", "config": {"name": "conv2d_56", "trainable": false, "dtype": "float32", "filters": 32, "kernel_size": [3, 3], "strides": [1, 1], "padding": "same", "data_format": "channels_last", "dilation_rate": [1, 1], "activation": "linear", "use_bias": true, "kernel_initializer": {"class_name": "VarianceScaling", "config": {"scale": 2.0, "mode": "fan_in", "distribution": "normal", "seed": null}}, "bias_initializer": {"class_name": "Zeros", "config": {}}, "kernel_regularizer": null, "bias_regularizer": null, "activity_regularizer": null, "kernel_constraint": null, "bias_constraint": null}, "inbound_nodes": [[["up_sampling2d_18", 0, 0, {}]]]}, {"name": "conv2d_57", "class_name": "Conv2D", "config": {"name": "conv2d_57", "trainable": false, "dtype": "float32", "filters": 3, "kernel_size": [1, 1], "strides": [1, 1], "padding": "same", "data_format": "channels_last", "dilation_rate": [1, 1], "activation": "linear", "use_bias": true, "kernel_initializer": {"class_name": "VarianceScaling", "config": {"scale": 2.0, "mode": "fan_in", "distribution": "normal", "seed": null}}, "bias_initializer": {"class_name": "Zeros", "config": {}}, "kernel_regularizer": null, "bias_regularizer": null, "activity_regularizer": null, "kernel_constraint": null, "bias_constraint": null}, "inbound_nodes": [[["conv2d_56", 0, 0, {}]]]}], "input_layers": [["input_22", 0, 0], ["input_23", 0, 0]], "output_layers": [["conv2d_57", 0, 0]]}, "keras_version": "2.2.5", "backend": "tensorflow"}