{"class_name": "Model", "config": {"name": "model_19", "layers": [{"name": "input_10", "class_name": "InputLayer", "config": {"batch_input_shape": [null, 512], "dtype": "float32", "sparse": false, "name": "input_10"}, "inbound_nodes": []}, {"name": "normalize_2", "class_name": "Normalize", "config": {"name": "normalize_2", "trainable": false, "dtype": "float32"}, "inbound_nodes": [[["input_10", 0, 0, {}]]]}, {"name": "dense_7", "class_name": "Dense", "config": {"name": "dense_7", "trainable": false, "dtype": "float32", "units": 512, "activation": "linear", "use_bias": true, "kernel_initializer": {"class_name": "VarianceScaling", "config": {"scale": 2.0, "mode": "fan_in", "distribution": "normal", "seed": null}}, "bias_initializer": {"class_name": "Zeros", "config": {}}, "kernel_regularizer": null, "bias_regularizer": null, "activity_regularizer": null, "kernel_constraint": null, "bias_constraint": null}, "inbound_nodes": [[["normalize_2", 0, 0, {}]]]}, {"name": "dense_8", "class_name": "Dense", "config": {"name": "dense_8", "trainable": false, "dtype": "float32", "units": 512, "activation": "linear", "use_bias": true, "kernel_initializer": {"class_name": "VarianceScaling", "config": {"scale": 2.0, "mode": "fan_in", "distribution": "normal", "seed": null}}, "bias_initializer": {"class_name": "Zeros", "config": {}}, "kernel_regularizer": null, "bias_regularizer": null, "activity_regularizer": null, "kernel_constraint": null, "bias_constraint": null}, "inbound_nodes": [[["dense_7", 0, 0, {}]]]}, {"name": "leaky_re_lu_25", "class_name": "LeakyReLU", "config": {"name": "leaky_re_lu_25", "trainable": false, "dtype": "float32", "alpha": 0.10000000149011612}, "inbound_nodes": [[["dense_8", 0, 0, {}]]]}, {"name": "dense_9", "class_name": "Dense", "config": {"name": "dense_9", "trainable": false, "dtype": "float32", "units": 512, "activation": "linear", "use_bias": true, "kernel_initializer": {"class_name": "VarianceScaling", "config": {"scale": 2.0, "mode": "fan_in", "distribution": "normal", "seed": null}}, "bias_initializer": {"class_name": "Zeros", "config": {}}, "kernel_regularizer": null, "bias_regularizer": null, "activity_regularizer": null, "kernel_constraint": null, "bias_constraint": null}, "inbound_nodes": [[["leaky_re_lu_25", 0, 0, {}]]]}, {"name": "leaky_re_lu_26", "class_name": "LeakyReLU", "config": {"name": "leaky_re_lu_26", "trainable": false, "dtype": "float32", "alpha": 0.10000000149011612}, "inbound_nodes": [[["dense_9", 0, 0, {}]]]}, {"name": "dense_10", "class_name": "Dense", "config": {"name": "dense_10", "trainable": false, "dtype": "float32", "units": 512, "activation": "linear", "use_bias": true, "kernel_initializer": {"class_name": "VarianceScaling", "config": {"scale": 2.0, "mode": "fan_in", "distribution": "normal", "seed": null}}, "bias_initializer": {"class_name": "Zeros", "config": {}}, "kernel_regularizer": null, "bias_regularizer": null, "activity_regularizer": null, "kernel_constraint": null, "bias_constraint": null}, "inbound_nodes": [[["leaky_re_lu_26", 0, 0, {}]]]}, {"name": "leaky_re_lu_27", "class_name": "LeakyReLU", "config": {"name": "leaky_re_lu_27", "trainable": false, "dtype": "float32", "alpha": 0.10000000149011612}, "inbound_nodes": [[["dense_10", 0, 0, {}]]]}], "input_layers": [["input_10", 0, 0]], "output_layers": [["leaky_re_lu_27", 0, 0]]}, "keras_version": "2.2.5", "backend": "tensorflow"}