{"class_name": "Model", "config": {"name": "model_8", "layers": [{"name": "input_2", "class_name": "InputLayer", "config": {"batch_input_shape": [null, 4, 4, 256], "dtype": "float32", "sparse": false, "name": "input_2"}, "inbound_nodes": []}, {"name": "apply_noise_1", "class_name": "ApplyNoise", "config": {"name": "apply_noise_1", "trainable": false, "dtype": "float32"}, "inbound_nodes": [[["input_2", 0, 0, {}]]]}, {"name": "input_3", "class_name": "InputLayer", "config": {"batch_input_shape": [null, 256], "dtype": "float32", "sparse": false, "name": "input_3"}, "inbound_nodes": []}, {"name": "ada_in_1", "class_name": "AdaIN", "config": {"name": "ada_in_1", "trainable": false, "dtype": "float32", "axis": -1, "momentum": 0.99, "epsilon": 0.001, "center": true, "scale": true}, "inbound_nodes": [[["apply_noise_1", 0, 0, {}], ["input_3", 0, 0, {}]]]}, {"name": "conv2d_1", "class_name": "Conv2D", "config": {"name": "conv2d_1", "trainable": false, "dtype": "float32", "filters": 256, "kernel_size": [3, 3], "strides": [1, 1], "padding": "same", "data_format": "channels_last", "dilation_rate": [1, 1], "activation": "linear", "use_bias": true, "kernel_initializer": {"class_name": "VarianceScaling", "config": {"scale": 2.0, "mode": "fan_in", "distribution": "normal", "seed": null}}, "bias_initializer": {"class_name": "Zeros", "config": {}}, "kernel_regularizer": null, "bias_regularizer": null, "activity_regularizer": null, "kernel_constraint": null, "bias_constraint": null}, "inbound_nodes": [[["ada_in_1", 0, 0, {}]]]}, {"name": "apply_noise_2", "class_name": "ApplyNoise", "config": {"name": "apply_noise_2", "trainable": false, "dtype": "float32"}, "inbound_nodes": [[["conv2d_1", 0, 0, {}]]]}, {"name": "ada_in_2", "class_name": "AdaIN", "config": {"name": "ada_in_2", "trainable": false, "dtype": "float32", "axis": -1, "momentum": 0.99, "epsilon": 0.001, "center": true, "scale": true}, "inbound_nodes": [[["apply_noise_2", 0, 0, {}], ["input_3", 0, 0, {}]]]}, {"name": "up_sampling2d_1", "class_name": "UpSampling2D", "config": {"name": "up_sampling2d_1", "trainable": false, "dtype": "float32", "size": [2, 2], "data_format": "channels_last", "interpolation": "bilinear"}, "inbound_nodes": [[["ada_in_2", 0, 0, {}]]]}, {"name": "conv2d_2", "class_name": "Conv2D", "config": {"name": "conv2d_2", "trainable": false, "dtype": "float32", "filters": 256, "kernel_size": [3, 3], "strides": [1, 1], "padding": "same", "data_format": "channels_last", "dilation_rate": [1, 1], "activation": "linear", "use_bias": true, "kernel_initializer": {"class_name": "VarianceScaling", "config": {"scale": 2.0, "mode": "fan_in", "distribution": "normal", "seed": null}}, "bias_initializer": {"class_name": "Zeros", "config": {}}, "kernel_regularizer": null, "bias_regularizer": null, "activity_regularizer": null, "kernel_constraint": null, "bias_constraint": null}, "inbound_nodes": [[["up_sampling2d_1", 0, 0, {}]]]}, {"name": "apply_noise_3", "class_name": "ApplyNoise", "config": {"name": "apply_noise_3", "trainable": false, "dtype": "float32"}, "inbound_nodes": [[["conv2d_2", 0, 0, {}]]]}, {"name": "ada_in_3", "class_name": "AdaIN", "config": {"name": "ada_in_3", "trainable": false, "dtype": "float32", "axis": -1, "momentum": 0.99, "epsilon": 0.001, "center": true, "scale": true}, "inbound_nodes": [[["apply_noise_3", 0, 0, {}], ["input_3", 0, 0, {}]]]}, {"name": "conv2d_3", "class_name": "Conv2D", "config": {"name": "conv2d_3", "trainable": false, "dtype": "float32", "filters": 256, "kernel_size": [3, 3], "strides": [1, 1], "padding": "same", "data_format": "channels_last", "dilation_rate": [1, 1], "activation": "linear", "use_bias": true, "kernel_initializer": {"class_name": "VarianceScaling", "config": {"scale": 2.0, "mode": "fan_in", "distribution": "normal", "seed": null}}, "bias_initializer": {"class_name": "Zeros", "config": {}}, "kernel_regularizer": null, "bias_regularizer": null, "activity_regularizer": null, "kernel_constraint": null, "bias_constraint": null}, "inbound_nodes": [[["ada_in_3", 0, 0, {}]]]}, {"name": "apply_noise_4", "class_name": "ApplyNoise", "config": {"name": "apply_noise_4", "trainable": false, "dtype": "float32"}, "inbound_nodes": [[["conv2d_3", 0, 0, {}]]]}, {"name": "ada_in_4", "class_name": "AdaIN", "config": {"name": "ada_in_4", "trainable": false, "dtype": "float32", "axis": -1, "momentum": 0.99, "epsilon": 0.001, "center": true, "scale": true}, "inbound_nodes": [[["apply_noise_4", 0, 0, {}], ["input_3", 0, 0, {}]]]}, {"name": "up_sampling2d_2", "class_name": "UpSampling2D", "config": {"name": "up_sampling2d_2", "trainable": false, "dtype": "float32", "size": [2, 2], "data_format": "channels_last", "interpolation": "bilinear"}, "inbound_nodes": [[["ada_in_4", 0, 0, {}]]]}, {"name": "conv2d_4", "class_name": "Conv2D", "config": {"name": "conv2d_4", "trainable": false, "dtype": "float32", "filters": 192, "kernel_size": [3, 3], "strides": [1, 1], "padding": "same", "data_format": "channels_last", "dilation_rate": [1, 1], "activation": "linear", "use_bias": true, "kernel_initializer": {"class_name": "VarianceScaling", "config": {"scale": 2.0, "mode": "fan_in", "distribution": "normal", "seed": null}}, "bias_initializer": {"class_name": "Zeros", "config": {}}, "kernel_regularizer": null, "bias_regularizer": null, "activity_regularizer": null, "kernel_constraint": null, "bias_constraint": null}, "inbound_nodes": [[["up_sampling2d_2", 0, 0, {}]]]}, {"name": "apply_noise_5", "class_name": "ApplyNoise", "config": {"name": "apply_noise_5", "trainable": false, "dtype": "float32"}, "inbound_nodes": [[["conv2d_4", 0, 0, {}]]]}, {"name": "ada_in_5", "class_name": "AdaIN", "config": {"name": "ada_in_5", "trainable": false, "dtype": "float32", "axis": -1, "momentum": 0.99, "epsilon": 0.001, "center": true, "scale": true}, "inbound_nodes": [[["apply_noise_5", 0, 0, {}], ["input_3", 0, 0, {}]]]}, {"name": "conv2d_5", "class_name": "Conv2D", "config": {"name": "conv2d_5", "trainable": false, "dtype": "float32", "filters": 192, "kernel_size": [3, 3], "strides": [1, 1], "padding": "same", "data_format": "channels_last", "dilation_rate": [1, 1], "activation": "linear", "use_bias": true, "kernel_initializer": {"class_name": "VarianceScaling", "config": {"scale": 2.0, "mode": "fan_in", "distribution": "normal", "seed": null}}, "bias_initializer": {"class_name": "Zeros", "config": {}}, "kernel_regularizer": null, "bias_regularizer": null, "activity_regularizer": null, "kernel_constraint": null, "bias_constraint": null}, "inbound_nodes": [[["ada_in_5", 0, 0, {}]]]}, {"name": "apply_noise_6", "class_name": "ApplyNoise", "config": {"name": "apply_noise_6", "trainable": false, "dtype": "float32"}, "inbound_nodes": [[["conv2d_5", 0, 0, {}]]]}, {"name": "ada_in_6", "class_name": "AdaIN", "config": {"name": "ada_in_6", "trainable": false, "dtype": "float32", "axis": -1, "momentum": 0.99, "epsilon": 0.001, "center": true, "scale": true}, "inbound_nodes": [[["apply_noise_6", 0, 0, {}], ["input_3", 0, 0, {}]]]}, {"name": "up_sampling2d_3", "class_name": "UpSampling2D", "config": {"name": "up_sampling2d_3", "trainable": false, "dtype": "float32", "size": [2, 2], "data_format": "channels_last", "interpolation": "bilinear"}, "inbound_nodes": [[["ada_in_6", 0, 0, {}]]]}, {"name": "conv2d_6", "class_name": "Conv2D", "config": {"name": "conv2d_6", "trainable": false, "dtype": "float32", "filters": 128, "kernel_size": [3, 3], "strides": [1, 1], "padding": "same", "data_format": "channels_last", "dilation_rate": [1, 1], "activation": "linear", "use_bias": true, "kernel_initializer": {"class_name": "VarianceScaling", "config": {"scale": 2.0, "mode": "fan_in", "distribution": "normal", "seed": null}}, "bias_initializer": {"class_name": "Zeros", "config": {}}, "kernel_regularizer": null, "bias_regularizer": null, "activity_regularizer": null, "kernel_constraint": null, "bias_constraint": null}, "inbound_nodes": [[["up_sampling2d_3", 0, 0, {}]]]}, {"name": "apply_noise_7", "class_name": "ApplyNoise", "config": {"name": "apply_noise_7", "trainable": false, "dtype": "float32"}, "inbound_nodes": [[["conv2d_6", 0, 0, {}]]]}, {"name": "ada_in_7", "class_name": "AdaIN", "config": {"name": "ada_in_7", "trainable": false, "dtype": "float32", "axis": -1, "momentum": 0.99, "epsilon": 0.001, "center": true, "scale": true}, "inbound_nodes": [[["apply_noise_7", 0, 0, {}], ["input_3", 0, 0, {}]]]}, {"name": "conv2d_7", "class_name": "Conv2D", "config": {"name": "conv2d_7", "trainable": false, "dtype": "float32", "filters": 128, "kernel_size": [3, 3], "strides": [1, 1], "padding": "same", "data_format": "channels_last", "dilation_rate": [1, 1], "activation": "linear", "use_bias": true, "kernel_initializer": {"class_name": "VarianceScaling", "config": {"scale": 2.0, "mode": "fan_in", "distribution": "normal", "seed": null}}, "bias_initializer": {"class_name": "Zeros", "config": {}}, "kernel_regularizer": null, "bias_regularizer": null, "activity_regularizer": null, "kernel_constraint": null, "bias_constraint": null}, "inbound_nodes": [[["ada_in_7", 0, 0, {}]]]}, {"name": "apply_noise_8", "class_name": "ApplyNoise", "config": {"name": "apply_noise_8", "trainable": false, "dtype": "float32"}, "inbound_nodes": [[["conv2d_7", 0, 0, {}]]]}, {"name": "ada_in_8", "class_name": "AdaIN", "config": {"name": "ada_in_8", "trainable": false, "dtype": "float32", "axis": -1, "momentum": 0.99, "epsilon": 0.001, "center": true, "scale": true}, "inbound_nodes": [[["apply_noise_8", 0, 0, {}], ["input_3", 0, 0, {}]]]}, {"name": "up_sampling2d_4", "class_name": "UpSampling2D", "config": {"name": "up_sampling2d_4", "trainable": false, "dtype": "float32", "size": [2, 2], "data_format": "channels_last", "interpolation": "bilinear"}, "inbound_nodes": [[["ada_in_8", 0, 0, {}]]]}, {"name": "conv2d_8", "class_name": "Conv2D", "config": {"name": "conv2d_8", "trainable": false, "dtype": "float32", "filters": 64, "kernel_size": [3, 3], "strides": [1, 1], "padding": "same", "data_format": "channels_last", "dilation_rate": [1, 1], "activation": "linear", "use_bias": true, "kernel_initializer": {"class_name": "VarianceScaling", "config": {"scale": 2.0, "mode": "fan_in", "distribution": "normal", "seed": null}}, "bias_initializer": {"class_name": "Zeros", "config": {}}, "kernel_regularizer": null, "bias_regularizer": null, "activity_regularizer": null, "kernel_constraint": null, "bias_constraint": null}, "inbound_nodes": [[["up_sampling2d_4", 0, 0, {}]]]}, {"name": "apply_noise_9", "class_name": "ApplyNoise", "config": {"name": "apply_noise_9", "trainable": false, "dtype": "float32"}, "inbound_nodes": [[["conv2d_8", 0, 0, {}]]]}, {"name": "ada_in_9", "class_name": "AdaIN", "config": {"name": "ada_in_9", "trainable": false, "dtype": "float32", "axis": -1, "momentum": 0.99, "epsilon": 0.001, "center": true, "scale": true}, "inbound_nodes": [[["apply_noise_9", 0, 0, {}], ["input_3", 0, 0, {}]]]}, {"name": "conv2d_9", "class_name": "Conv2D", "config": {"name": "conv2d_9", "trainable": false, "dtype": "float32", "filters": 64, "kernel_size": [3, 3], "strides": [1, 1], "padding": "same", "data_format": "channels_last", "dilation_rate": [1, 1], "activation": "linear", "use_bias": true, "kernel_initializer": {"class_name": "VarianceScaling", "config": {"scale": 2.0, "mode": "fan_in", "distribution": "normal", "seed": null}}, "bias_initializer": {"class_name": "Zeros", "config": {}}, "kernel_regularizer": null, "bias_regularizer": null, "activity_regularizer": null, "kernel_constraint": null, "bias_constraint": null}, "inbound_nodes": [[["ada_in_9", 0, 0, {}]]]}, {"name": "apply_noise_10", "class_name": "ApplyNoise", "config": {"name": "apply_noise_10", "trainable": false, "dtype": "float32"}, "inbound_nodes": [[["conv2d_9", 0, 0, {}]]]}, {"name": "ada_in_10", "class_name": "AdaIN", "config": {"name": "ada_in_10", "trainable": false, "dtype": "float32", "axis": -1, "momentum": 0.99, "epsilon": 0.001, "center": true, "scale": true}, "inbound_nodes": [[["apply_noise_10", 0, 0, {}], ["input_3", 0, 0, {}]]]}, {"name": "up_sampling2d_5", "class_name": "UpSampling2D", "config": {"name": "up_sampling2d_5", "trainable": false, "dtype": "float32", "size": [2, 2], "data_format": "channels_last", "interpolation": "bilinear"}, "inbound_nodes": [[["ada_in_10", 0, 0, {}]]]}, {"name": "conv2d_10", "class_name": "Conv2D", "config": {"name": "conv2d_10", "trainable": false, "dtype": "float32", "filters": 48, "kernel_size": [3, 3], "strides": [1, 1], "padding": "same", "data_format": "channels_last", "dilation_rate": [1, 1], "activation": "linear", "use_bias": true, "kernel_initializer": {"class_name": "VarianceScaling", "config": {"scale": 2.0, "mode": "fan_in", "distribution": "normal", "seed": null}}, "bias_initializer": {"class_name": "Zeros", "config": {}}, "kernel_regularizer": null, "bias_regularizer": null, "activity_regularizer": null, "kernel_constraint": null, "bias_constraint": null}, "inbound_nodes": [[["up_sampling2d_5", 0, 0, {}]]]}, {"name": "apply_noise_11", "class_name": "ApplyNoise", "config": {"name": "apply_noise_11", "trainable": false, "dtype": "float32"}, "inbound_nodes": [[["conv2d_10", 0, 0, {}]]]}, {"name": "ada_in_11", "class_name": "AdaIN", "config": {"name": "ada_in_11", "trainable": false, "dtype": "float32", "axis": -1, "momentum": 0.99, "epsilon": 0.001, "center": true, "scale": true}, "inbound_nodes": [[["apply_noise_11", 0, 0, {}], ["input_3", 0, 0, {}]]]}, {"name": "conv2d_11", "class_name": "Conv2D", "config": {"name": "conv2d_11", "trainable": false, "dtype": "float32", "filters": 48, "kernel_size": [3, 3], "strides": [1, 1], "padding": "same", "data_format": "channels_last", "dilation_rate": [1, 1], "activation": "linear", "use_bias": true, "kernel_initializer": {"class_name": "VarianceScaling", "config": {"scale": 2.0, "mode": "fan_in", "distribution": "normal", "seed": null}}, "bias_initializer": {"class_name": "Zeros", "config": {}}, "kernel_regularizer": null, "bias_regularizer": null, "activity_regularizer": null, "kernel_constraint": null, "bias_constraint": null}, "inbound_nodes": [[["ada_in_11", 0, 0, {}]]]}, {"name": "apply_noise_12", "class_name": "ApplyNoise", "config": {"name": "apply_noise_12", "trainable": false, "dtype": "float32"}, "inbound_nodes": [[["conv2d_11", 0, 0, {}]]]}, {"name": "ada_in_12", "class_name": "AdaIN", "config": {"name": "ada_in_12", "trainable": false, "dtype": "float32", "axis": -1, "momentum": 0.99, "epsilon": 0.001, "center": true, "scale": true}, "inbound_nodes": [[["apply_noise_12", 0, 0, {}], ["input_3", 0, 0, {}]]]}, {"name": "up_sampling2d_6", "class_name": "UpSampling2D", "config": {"name": "up_sampling2d_6", "trainable": false, "dtype": "float32", "size": [2, 2], "data_format": "channels_last", "interpolation": "bilinear"}, "inbound_nodes": [[["ada_in_12", 0, 0, {}]]]}, {"name": "conv2d_12", "class_name": "Conv2D", "config": {"name": "conv2d_12", "trainable": false, "dtype": "float32", "filters": 32, "kernel_size": [3, 3], "strides": [1, 1], "padding": "same", "data_format": "channels_last", "dilation_rate": [1, 1], "activation": "linear", "use_bias": true, "kernel_initializer": {"class_name": "VarianceScaling", "config": {"scale": 2.0, "mode": "fan_in", "distribution": "normal", "seed": null}}, "bias_initializer": {"class_name": "Zeros", "config": {}}, "kernel_regularizer": null, "bias_regularizer": null, "activity_regularizer": null, "kernel_constraint": null, "bias_constraint": null}, "inbound_nodes": [[["up_sampling2d_6", 0, 0, {}]]]}, {"name": "conv2d_13", "class_name": "Conv2D", "config": {"name": "conv2d_13", "trainable": false, "dtype": "float32", "filters": 3, "kernel_size": [1, 1], "strides": [1, 1], "padding": "same", "data_format": "channels_last", "dilation_rate": [1, 1], "activation": "linear", "use_bias": true, "kernel_initializer": {"class_name": "VarianceScaling", "config": {"scale": 2.0, "mode": "fan_in", "distribution": "normal", "seed": null}}, "bias_initializer": {"class_name": "Zeros", "config": {}}, "kernel_regularizer": null, "bias_regularizer": null, "activity_regularizer": null, "kernel_constraint": null, "bias_constraint": null}, "inbound_nodes": [[["conv2d_12", 0, 0, {}]]]}], "input_layers": [["input_2", 0, 0], ["input_3", 0, 0]], "output_layers": [["conv2d_13", 0, 0]]}, "keras_version": "2.2.5", "backend": "tensorflow"}