{"class_name": "Model", "config": {"name": "model_20", "layers": [{"name": "input_11", "class_name": "InputLayer", "config": {"batch_input_shape": [null, 4, 4, 256], "dtype": "float32", "sparse": false, "name": "input_11"}, "inbound_nodes": []}, {"name": "apply_noise_13", "class_name": "ApplyNoise", "config": {"name": "apply_noise_13", "trainable": false, "dtype": "float32", "noise_generating_rule": "loaded_from_outer_model", "fils": 256, "noise_func": "random_uniform", "noise_args": [], "noise_keywords": {"minval": -1.0, "maxval": 1.0}}, "inbound_nodes": [[["input_11", 0, 0, {}]]]}, {"name": "input_12", "class_name": "InputLayer", "config": {"batch_input_shape": [null, 512], "dtype": "float32", "sparse": false, "name": "input_12"}, "inbound_nodes": []}, {"name": "ada_in_13", "class_name": "AdaIN", "config": {"name": "ada_in_13", "trainable": false, "dtype": "float32", "input_dim": 512, "units": 256, "axis": -1, "momentum": 0.99, "epsilon": 1e-07, "center": true, "scale": true}, "inbound_nodes": [[["apply_noise_13", 0, 0, {}], ["input_12", 0, 0, {}]]]}, {"name": "leaky_re_lu_28", "class_name": "LeakyReLU", "config": {"name": "leaky_re_lu_28", "trainable": false, "dtype": "float32", "alpha": 0.10000000149011612}, "inbound_nodes": [[["ada_in_13", 0, 0, {}]]]}, {"name": "conv2d_23", "class_name": "Conv2D", "config": {"name": "conv2d_23", "trainable": false, "dtype": "float32", "filters": 256, "kernel_size": [3, 3], "strides": [1, 1], "padding": "same", "data_format": "channels_last", "dilation_rate": [1, 1], "activation": "linear", "use_bias": true, "kernel_initializer": {"class_name": "VarianceScaling", "config": {"scale": 2.0, "mode": "fan_in", "distribution": "normal", "seed": null}}, "bias_initializer": {"class_name": "Zeros", "config": {}}, "kernel_regularizer": null, "bias_regularizer": null, "activity_regularizer": null, "kernel_constraint": null, "bias_constraint": null}, "inbound_nodes": [[["leaky_re_lu_28", 0, 0, {}]]]}, {"name": "apply_noise_14", "class_name": "ApplyNoise", "config": {"name": "apply_noise_14", "trainable": false, "dtype": "float32", "noise_generating_rule": "loaded_from_outer_model", "fils": 256, "noise_func": "random_uniform", "noise_args": [], "noise_keywords": {"minval": -1.0, "maxval": 1.0}}, "inbound_nodes": [[["conv2d_23", 0, 0, {}]]]}, {"name": "ada_in_14", "class_name": "AdaIN", "config": {"name": "ada_in_14", "trainable": false, "dtype": "float32", "input_dim": 512, "units": 256, "axis": -1, "momentum": 0.99, "epsilon": 1e-07, "center": true, "scale": true}, "inbound_nodes": [[["apply_noise_14", 0, 0, {}], ["input_12", 0, 0, {}]]]}, {"name": "leaky_re_lu_29", "class_name": "LeakyReLU", "config": {"name": "leaky_re_lu_29", "trainable": false, "dtype": "float32", "alpha": 0.10000000149011612}, "inbound_nodes": [[["ada_in_14", 0, 0, {}]]]}, {"name": "up_sampling2d_7", "class_name": "UpSampling2D", "config": {"name": "up_sampling2d_7", "trainable": false, "dtype": "float32", "size": [2, 2], "data_format": "channels_last", "interpolation": "bilinear"}, "inbound_nodes": [[["leaky_re_lu_29", 0, 0, {}]]]}, {"name": "conv2d_24", "class_name": "Conv2D", "config": {"name": "conv2d_24", "trainable": false, "dtype": "float32", "filters": 200, "kernel_size": [3, 3], "strides": [1, 1], "padding": "same", "data_format": "channels_last", "dilation_rate": [1, 1], "activation": "linear", "use_bias": true, "kernel_initializer": {"class_name": "VarianceScaling", "config": {"scale": 2.0, "mode": "fan_in", "distribution": "normal", "seed": null}}, "bias_initializer": {"class_name": "Zeros", "config": {}}, "kernel_regularizer": null, "bias_regularizer": null, "activity_regularizer": null, "kernel_constraint": null, "bias_constraint": null}, "inbound_nodes": [[["up_sampling2d_7", 0, 0, {}]]]}, {"name": "apply_noise_15", "class_name": "ApplyNoise", "config": {"name": "apply_noise_15", "trainable": false, "dtype": "float32", "noise_generating_rule": "loaded_from_outer_model", "fils": 200, "noise_func": "random_uniform", "noise_args": [], "noise_keywords": {"minval": -1.0, "maxval": 1.0}}, "inbound_nodes": [[["conv2d_24", 0, 0, {}]]]}, {"name": "ada_in_15", "class_name": "AdaIN", "config": {"name": "ada_in_15", "trainable": false, "dtype": "float32", "input_dim": 512, "units": 200, "axis": -1, "momentum": 0.99, "epsilon": 1e-07, "center": true, "scale": true}, "inbound_nodes": [[["apply_noise_15", 0, 0, {}], ["input_12", 0, 0, {}]]]}, {"name": "leaky_re_lu_30", "class_name": "LeakyReLU", "config": {"name": "leaky_re_lu_30", "trainable": false, "dtype": "float32", "alpha": 0.009999999776482582}, "inbound_nodes": [[["ada_in_15", 0, 0, {}]]]}, {"name": "conv2d_25", "class_name": "Conv2D", "config": {"name": "conv2d_25", "trainable": false, "dtype": "float32", "filters": 200, "kernel_size": [3, 3], "strides": [1, 1], "padding": "same", "data_format": "channels_last", "dilation_rate": [1, 1], "activation": "linear", "use_bias": true, "kernel_initializer": {"class_name": "VarianceScaling", "config": {"scale": 2.0, "mode": "fan_in", "distribution": "normal", "seed": null}}, "bias_initializer": {"class_name": "Zeros", "config": {}}, "kernel_regularizer": null, "bias_regularizer": null, "activity_regularizer": null, "kernel_constraint": null, "bias_constraint": null}, "inbound_nodes": [[["leaky_re_lu_30", 0, 0, {}]]]}, {"name": "apply_noise_16", "class_name": "ApplyNoise", "config": {"name": "apply_noise_16", "trainable": false, "dtype": "float32", "noise_generating_rule": "loaded_from_outer_model", "fils": 200, "noise_func": "random_uniform", "noise_args": [], "noise_keywords": {"minval": -1.0, "maxval": 1.0}}, "inbound_nodes": [[["conv2d_25", 0, 0, {}]]]}, {"name": "ada_in_16", "class_name": "AdaIN", "config": {"name": "ada_in_16", "trainable": false, "dtype": "float32", "input_dim": 512, "units": 200, "axis": -1, "momentum": 0.99, "epsilon": 1e-07, "center": true, "scale": true}, "inbound_nodes": [[["apply_noise_16", 0, 0, {}], ["input_12", 0, 0, {}]]]}, {"name": "leaky_re_lu_31", "class_name": "LeakyReLU", "config": {"name": "leaky_re_lu_31", "trainable": false, "dtype": "float32", "alpha": 0.009999999776482582}, "inbound_nodes": [[["ada_in_16", 0, 0, {}]]]}, {"name": "up_sampling2d_8", "class_name": "UpSampling2D", "config": {"name": "up_sampling2d_8", "trainable": false, "dtype": "float32", "size": [2, 2], "data_format": "channels_last", "interpolation": "bilinear"}, "inbound_nodes": [[["leaky_re_lu_31", 0, 0, {}]]]}, {"name": "conv2d_26", "class_name": "Conv2D", "config": {"name": "conv2d_26", "trainable": false, "dtype": "float32", "filters": 128, "kernel_size": [3, 3], "strides": [1, 1], "padding": "same", "data_format": "channels_last", "dilation_rate": [1, 1], "activation": "linear", "use_bias": true, "kernel_initializer": {"class_name": "VarianceScaling", "config": {"scale": 2.0, "mode": "fan_in", "distribution": "normal", "seed": null}}, "bias_initializer": {"class_name": "Zeros", "config": {}}, "kernel_regularizer": null, "bias_regularizer": null, "activity_regularizer": null, "kernel_constraint": null, "bias_constraint": null}, "inbound_nodes": [[["up_sampling2d_8", 0, 0, {}]]]}, {"name": "apply_noise_17", "class_name": "ApplyNoise", "config": {"name": "apply_noise_17", "trainable": false, "dtype": "float32", "noise_generating_rule": "loaded_from_outer_model", "fils": 128, "noise_func": "random_uniform", "noise_args": [], "noise_keywords": {"minval": -1.0, "maxval": 1.0}}, "inbound_nodes": [[["conv2d_26", 0, 0, {}]]]}, {"name": "ada_in_17", "class_name": "AdaIN", "config": {"name": "ada_in_17", "trainable": false, "dtype": "float32", "input_dim": 512, "units": 128, "axis": -1, "momentum": 0.99, "epsilon": 1e-07, "center": true, "scale": true}, "inbound_nodes": [[["apply_noise_17", 0, 0, {}], ["input_12", 0, 0, {}]]]}, {"name": "leaky_re_lu_32", "class_name": "LeakyReLU", "config": {"name": "leaky_re_lu_32", "trainable": false, "dtype": "float32", "alpha": 0.009999999776482582}, "inbound_nodes": [[["ada_in_17", 0, 0, {}]]]}, {"name": "conv2d_27", "class_name": "Conv2D", "config": {"name": "conv2d_27", "trainable": false, "dtype": "float32", "filters": 128, "kernel_size": [3, 3], "strides": [1, 1], "padding": "same", "data_format": "channels_last", "dilation_rate": [1, 1], "activation": "linear", "use_bias": true, "kernel_initializer": {"class_name": "VarianceScaling", "config": {"scale": 2.0, "mode": "fan_in", "distribution": "normal", "seed": null}}, "bias_initializer": {"class_name": "Zeros", "config": {}}, "kernel_regularizer": null, "bias_regularizer": null, "activity_regularizer": null, "kernel_constraint": null, "bias_constraint": null}, "inbound_nodes": [[["leaky_re_lu_32", 0, 0, {}]]]}, {"name": "apply_noise_18", "class_name": "ApplyNoise", "config": {"name": "apply_noise_18", "trainable": false, "dtype": "float32", "noise_generating_rule": "loaded_from_outer_model", "fils": 128, "noise_func": "random_uniform", "noise_args": [], "noise_keywords": {"minval": -1.0, "maxval": 1.0}}, "inbound_nodes": [[["conv2d_27", 0, 0, {}]]]}, {"name": "ada_in_18", "class_name": "AdaIN", "config": {"name": "ada_in_18", "trainable": false, "dtype": "float32", "input_dim": 512, "units": 128, "axis": -1, "momentum": 0.99, "epsilon": 1e-07, "center": true, "scale": true}, "inbound_nodes": [[["apply_noise_18", 0, 0, {}], ["input_12", 0, 0, {}]]]}, {"name": "leaky_re_lu_33", "class_name": "LeakyReLU", "config": {"name": "leaky_re_lu_33", "trainable": false, "dtype": "float32", "alpha": 0.009999999776482582}, "inbound_nodes": [[["ada_in_18", 0, 0, {}]]]}, {"name": "up_sampling2d_9", "class_name": "UpSampling2D", "config": {"name": "up_sampling2d_9", "trainable": false, "dtype": "float32", "size": [2, 2], "data_format": "channels_last", "interpolation": "bilinear"}, "inbound_nodes": [[["leaky_re_lu_33", 0, 0, {}]]]}, {"name": "conv2d_28", "class_name": "Conv2D", "config": {"name": "conv2d_28", "trainable": false, "dtype": "float32", "filters": 100, "kernel_size": [3, 3], "strides": [1, 1], "padding": "same", "data_format": "channels_last", "dilation_rate": [1, 1], "activation": "linear", "use_bias": true, "kernel_initializer": {"class_name": "VarianceScaling", "config": {"scale": 2.0, "mode": "fan_in", "distribution": "normal", "seed": null}}, "bias_initializer": {"class_name": "Zeros", "config": {}}, "kernel_regularizer": null, "bias_regularizer": null, "activity_regularizer": null, "kernel_constraint": null, "bias_constraint": null}, "inbound_nodes": [[["up_sampling2d_9", 0, 0, {}]]]}, {"name": "apply_noise_19", "class_name": "ApplyNoise", "config": {"name": "apply_noise_19", "trainable": false, "dtype": "float32", "noise_generating_rule": "loaded_from_outer_model", "fils": 100, "noise_func": "random_uniform", "noise_args": [], "noise_keywords": {"minval": -1.0, "maxval": 1.0}}, "inbound_nodes": [[["conv2d_28", 0, 0, {}]]]}, {"name": "ada_in_19", "class_name": "AdaIN", "config": {"name": "ada_in_19", "trainable": false, "dtype": "float32", "input_dim": 512, "units": 100, "axis": -1, "momentum": 0.99, "epsilon": 1e-07, "center": true, "scale": true}, "inbound_nodes": [[["apply_noise_19", 0, 0, {}], ["input_12", 0, 0, {}]]]}, {"name": "leaky_re_lu_34", "class_name": "LeakyReLU", "config": {"name": "leaky_re_lu_34", "trainable": false, "dtype": "float32", "alpha": 0.009999999776482582}, "inbound_nodes": [[["ada_in_19", 0, 0, {}]]]}, {"name": "conv2d_29", "class_name": "Conv2D", "config": {"name": "conv2d_29", "trainable": false, "dtype": "float32", "filters": 100, "kernel_size": [3, 3], "strides": [1, 1], "padding": "same", "data_format": "channels_last", "dilation_rate": [1, 1], "activation": "linear", "use_bias": true, "kernel_initializer": {"class_name": "VarianceScaling", "config": {"scale": 2.0, "mode": "fan_in", "distribution": "normal", "seed": null}}, "bias_initializer": {"class_name": "Zeros", "config": {}}, "kernel_regularizer": null, "bias_regularizer": null, "activity_regularizer": null, "kernel_constraint": null, "bias_constraint": null}, "inbound_nodes": [[["leaky_re_lu_34", 0, 0, {}]]]}, {"name": "apply_noise_20", "class_name": "ApplyNoise", "config": {"name": "apply_noise_20", "trainable": false, "dtype": "float32", "noise_generating_rule": "loaded_from_outer_model", "fils": 100, "noise_func": "random_uniform", "noise_args": [], "noise_keywords": {"minval": -1.0, "maxval": 1.0}}, "inbound_nodes": [[["conv2d_29", 0, 0, {}]]]}, {"name": "ada_in_20", "class_name": "AdaIN", "config": {"name": "ada_in_20", "trainable": false, "dtype": "float32", "input_dim": 512, "units": 100, "axis": -1, "momentum": 0.99, "epsilon": 1e-07, "center": true, "scale": true}, "inbound_nodes": [[["apply_noise_20", 0, 0, {}], ["input_12", 0, 0, {}]]]}, {"name": "leaky_re_lu_35", "class_name": "LeakyReLU", "config": {"name": "leaky_re_lu_35", "trainable": false, "dtype": "float32", "alpha": 0.009999999776482582}, "inbound_nodes": [[["ada_in_20", 0, 0, {}]]]}, {"name": "up_sampling2d_10", "class_name": "UpSampling2D", "config": {"name": "up_sampling2d_10", "trainable": false, "dtype": "float32", "size": [2, 2], "data_format": "channels_last", "interpolation": "bilinear"}, "inbound_nodes": [[["leaky_re_lu_35", 0, 0, {}]]]}, {"name": "conv2d_30", "class_name": "Conv2D", "config": {"name": "conv2d_30", "trainable": false, "dtype": "float32", "filters": 64, "kernel_size": [3, 3], "strides": [1, 1], "padding": "same", "data_format": "channels_last", "dilation_rate": [1, 1], "activation": "linear", "use_bias": true, "kernel_initializer": {"class_name": "VarianceScaling", "config": {"scale": 2.0, "mode": "fan_in", "distribution": "normal", "seed": null}}, "bias_initializer": {"class_name": "Zeros", "config": {}}, "kernel_regularizer": null, "bias_regularizer": null, "activity_regularizer": null, "kernel_constraint": null, "bias_constraint": null}, "inbound_nodes": [[["up_sampling2d_10", 0, 0, {}]]]}, {"name": "apply_noise_21", "class_name": "ApplyNoise", "config": {"name": "apply_noise_21", "trainable": false, "dtype": "float32", "noise_generating_rule": "loaded_from_outer_model", "fils": 64, "noise_func": "random_uniform", "noise_args": [], "noise_keywords": {"minval": -1.0, "maxval": 1.0}}, "inbound_nodes": [[["conv2d_30", 0, 0, {}]]]}, {"name": "ada_in_21", "class_name": "AdaIN", "config": {"name": "ada_in_21", "trainable": false, "dtype": "float32", "input_dim": 512, "units": 64, "axis": -1, "momentum": 0.99, "epsilon": 1e-07, "center": true, "scale": true}, "inbound_nodes": [[["apply_noise_21", 0, 0, {}], ["input_12", 0, 0, {}]]]}, {"name": "leaky_re_lu_36", "class_name": "LeakyReLU", "config": {"name": "leaky_re_lu_36", "trainable": false, "dtype": "float32", "alpha": 0.009999999776482582}, "inbound_nodes": [[["ada_in_21", 0, 0, {}]]]}, {"name": "conv2d_31", "class_name": "Conv2D", "config": {"name": "conv2d_31", "trainable": false, "dtype": "float32", "filters": 64, "kernel_size": [3, 3], "strides": [1, 1], "padding": "same", "data_format": "channels_last", "dilation_rate": [1, 1], "activation": "linear", "use_bias": true, "kernel_initializer": {"class_name": "VarianceScaling", "config": {"scale": 2.0, "mode": "fan_in", "distribution": "normal", "seed": null}}, "bias_initializer": {"class_name": "Zeros", "config": {}}, "kernel_regularizer": null, "bias_regularizer": null, "activity_regularizer": null, "kernel_constraint": null, "bias_constraint": null}, "inbound_nodes": [[["leaky_re_lu_36", 0, 0, {}]]]}, {"name": "apply_noise_22", "class_name": "ApplyNoise", "config": {"name": "apply_noise_22", "trainable": false, "dtype": "float32", "noise_generating_rule": "loaded_from_outer_model", "fils": 64, "noise_func": "random_uniform", "noise_args": [], "noise_keywords": {"minval": -1.0, "maxval": 1.0}}, "inbound_nodes": [[["conv2d_31", 0, 0, {}]]]}, {"name": "ada_in_22", "class_name": "AdaIN", "config": {"name": "ada_in_22", "trainable": false, "dtype": "float32", "input_dim": 512, "units": 64, "axis": -1, "momentum": 0.99, "epsilon": 1e-07, "center": true, "scale": true}, "inbound_nodes": [[["apply_noise_22", 0, 0, {}], ["input_12", 0, 0, {}]]]}, {"name": "leaky_re_lu_37", "class_name": "LeakyReLU", "config": {"name": "leaky_re_lu_37", "trainable": false, "dtype": "float32", "alpha": 0.009999999776482582}, "inbound_nodes": [[["ada_in_22", 0, 0, {}]]]}, {"name": "up_sampling2d_11", "class_name": "UpSampling2D", "config": {"name": "up_sampling2d_11", "trainable": false, "dtype": "float32", "size": [2, 2], "data_format": "channels_last", "interpolation": "bilinear"}, "inbound_nodes": [[["leaky_re_lu_37", 0, 0, {}]]]}, {"name": "conv2d_32", "class_name": "Conv2D", "config": {"name": "conv2d_32", "trainable": false, "dtype": "float32", "filters": 32, "kernel_size": [3, 3], "strides": [1, 1], "padding": "same", "data_format": "channels_last", "dilation_rate": [1, 1], "activation": "linear", "use_bias": true, "kernel_initializer": {"class_name": "VarianceScaling", "config": {"scale": 2.0, "mode": "fan_in", "distribution": "normal", "seed": null}}, "bias_initializer": {"class_name": "Zeros", "config": {}}, "kernel_regularizer": null, "bias_regularizer": null, "activity_regularizer": null, "kernel_constraint": null, "bias_constraint": null}, "inbound_nodes": [[["up_sampling2d_11", 0, 0, {}]]]}, {"name": "apply_noise_23", "class_name": "ApplyNoise", "config": {"name": "apply_noise_23", "trainable": false, "dtype": "float32", "noise_generating_rule": "loaded_from_outer_model", "fils": 32, "noise_func": "random_uniform", "noise_args": [], "noise_keywords": {"minval": -1.0, "maxval": 1.0}}, "inbound_nodes": [[["conv2d_32", 0, 0, {}]]]}, {"name": "ada_in_23", "class_name": "AdaIN", "config": {"name": "ada_in_23", "trainable": false, "dtype": "float32", "input_dim": 512, "units": 32, "axis": -1, "momentum": 0.99, "epsilon": 1e-07, "center": true, "scale": true}, "inbound_nodes": [[["apply_noise_23", 0, 0, {}], ["input_12", 0, 0, {}]]]}, {"name": "leaky_re_lu_38", "class_name": "LeakyReLU", "config": {"name": "leaky_re_lu_38", "trainable": false, "dtype": "float32", "alpha": 0.009999999776482582}, "inbound_nodes": [[["ada_in_23", 0, 0, {}]]]}, {"name": "conv2d_33", "class_name": "Conv2D", "config": {"name": "conv2d_33", "trainable": false, "dtype": "float32", "filters": 32, "kernel_size": [3, 3], "strides": [1, 1], "padding": "same", "data_format": "channels_last", "dilation_rate": [1, 1], "activation": "linear", "use_bias": true, "kernel_initializer": {"class_name": "VarianceScaling", "config": {"scale": 2.0, "mode": "fan_in", "distribution": "normal", "seed": null}}, "bias_initializer": {"class_name": "Zeros", "config": {}}, "kernel_regularizer": null, "bias_regularizer": null, "activity_regularizer": null, "kernel_constraint": null, "bias_constraint": null}, "inbound_nodes": [[["leaky_re_lu_38", 0, 0, {}]]]}, {"name": "apply_noise_24", "class_name": "ApplyNoise", "config": {"name": "apply_noise_24", "trainable": false, "dtype": "float32", "noise_generating_rule": "loaded_from_outer_model", "fils": 32, "noise_func": "random_uniform", "noise_args": [], "noise_keywords": {"minval": -1.0, "maxval": 1.0}}, "inbound_nodes": [[["conv2d_33", 0, 0, {}]]]}, {"name": "ada_in_24", "class_name": "AdaIN", "config": {"name": "ada_in_24", "trainable": false, "dtype": "float32", "input_dim": 512, "units": 32, "axis": -1, "momentum": 0.99, "epsilon": 1e-07, "center": true, "scale": true}, "inbound_nodes": [[["apply_noise_24", 0, 0, {}], ["input_12", 0, 0, {}]]]}, {"name": "leaky_re_lu_39", "class_name": "LeakyReLU", "config": {"name": "leaky_re_lu_39", "trainable": false, "dtype": "float32", "alpha": 0.009999999776482582}, "inbound_nodes": [[["ada_in_24", 0, 0, {}]]]}, {"name": "up_sampling2d_12", "class_name": "UpSampling2D", "config": {"name": "up_sampling2d_12", "trainable": false, "dtype": "float32", "size": [2, 2], "data_format": "channels_last", "interpolation": "bilinear"}, "inbound_nodes": [[["leaky_re_lu_39", 0, 0, {}]]]}, {"name": "conv2d_34", "class_name": "Conv2D", "config": {"name": "conv2d_34", "trainable": false, "dtype": "float32", "filters": 16, "kernel_size": [3, 3], "strides": [1, 1], "padding": "same", "data_format": "channels_last", "dilation_rate": [1, 1], "activation": "linear", "use_bias": true, "kernel_initializer": {"class_name": "VarianceScaling", "config": {"scale": 2.0, "mode": "fan_in", "distribution": "normal", "seed": null}}, "bias_initializer": {"class_name": "Zeros", "config": {}}, "kernel_regularizer": null, "bias_regularizer": null, "activity_regularizer": null, "kernel_constraint": null, "bias_constraint": null}, "inbound_nodes": [[["up_sampling2d_12", 0, 0, {}]]]}, {"name": "conv2d_35", "class_name": "Conv2D", "config": {"name": "conv2d_35", "trainable": false, "dtype": "float32", "filters": 3, "kernel_size": [1, 1], "strides": [1, 1], "padding": "same", "data_format": "channels_last", "dilation_rate": [1, 1], "activation": "linear", "use_bias": true, "kernel_initializer": {"class_name": "VarianceScaling", "config": {"scale": 2.0, "mode": "fan_in", "distribution": "normal", "seed": null}}, "bias_initializer": {"class_name": "Zeros", "config": {}}, "kernel_regularizer": null, "bias_regularizer": null, "activity_regularizer": null, "kernel_constraint": null, "bias_constraint": null}, "inbound_nodes": [[["conv2d_34", 0, 0, {}]]]}, {"name": "activation_4", "class_name": "Activation", "config": {"name": "activation_4", "trainable": false, "dtype": "float32", "activation": "tanh"}, "inbound_nodes": [[["conv2d_35", 0, 0, {}]]]}], "input_layers": [["input_11", 0, 0], ["input_12", 0, 0]], "output_layers": [["activation_4", 0, 0]]}, "keras_version": "2.2.5", "backend": "tensorflow"}