{"class_name": "Model", "config": {"name": "model_9", "layers": [{"name": "input_4", "class_name": "InputLayer", "config": {"batch_input_shape": [null, 256, 256, 3], "dtype": "float32", "sparse": false, "name": "input_4"}, "inbound_nodes": []}, {"name": "conv2d_14", "class_name": "Conv2D", "config": {"name": "conv2d_14", "trainable": true, "dtype": "float32", "filters": 32, "kernel_size": [3, 3], "strides": [1, 1], "padding": "same", "data_format": "channels_last", "dilation_rate": [1, 1], "activation": "linear", "use_bias": true, "kernel_initializer": {"class_name": "VarianceScaling", "config": {"scale": 2.0, "mode": "fan_in", "distribution": "normal", "seed": null}}, "bias_initializer": {"class_name": "Zeros", "config": {}}, "kernel_regularizer": null, "bias_regularizer": null, "activity_regularizer": null, "kernel_constraint": null, "bias_constraint": null}, "inbound_nodes": [[["input_4", 0, 0, {}]]]}, {"name": "leaky_re_lu_8", "class_name": "LeakyReLU", "config": {"name": "leaky_re_lu_8", "trainable": true, "dtype": "float32", "alpha": 0.10000000149011612}, "inbound_nodes": [[["conv2d_14", 0, 0, {}]]]}, {"name": "conv2d_15", "class_name": "Conv2D", "config": {"name": "conv2d_15", "trainable": true, "dtype": "float32", "filters": 64, "kernel_size": [3, 3], "strides": [1, 1], "padding": "same", "data_format": "channels_last", "dilation_rate": [1, 1], "activation": "linear", "use_bias": true, "kernel_initializer": {"class_name": "VarianceScaling", "config": {"scale": 2.0, "mode": "fan_in", "distribution": "normal", "seed": null}}, "bias_initializer": {"class_name": "Zeros", "config": {}}, "kernel_regularizer": null, "bias_regularizer": null, "activity_regularizer": null, "kernel_constraint": null, "bias_constraint": null}, "inbound_nodes": [[["leaky_re_lu_8", 0, 0, {}]]]}, {"name": "leaky_re_lu_9", "class_name": "LeakyReLU", "config": {"name": "leaky_re_lu_9", "trainable": true, "dtype": "float32", "alpha": 0.009999999776482582}, "inbound_nodes": [[["conv2d_15", 0, 0, {}]]]}, {"name": "average_pooling2d_1", "class_name": "AveragePooling2D", "config": {"name": "average_pooling2d_1", "trainable": true, "dtype": "float32", "pool_size": [2, 2], "padding": "valid", "strides": [2, 2], "data_format": "channels_last"}, "inbound_nodes": [[["leaky_re_lu_9", 0, 0, {}]]]}, {"name": "conv2d_16", "class_name": "Conv2D", "config": {"name": "conv2d_16", "trainable": true, "dtype": "float32", "filters": 64, "kernel_size": [3, 3], "strides": [1, 1], "padding": "same", "data_format": "channels_last", "dilation_rate": [1, 1], "activation": "linear", "use_bias": true, "kernel_initializer": {"class_name": "VarianceScaling", "config": {"scale": 2.0, "mode": "fan_in", "distribution": "normal", "seed": null}}, "bias_initializer": {"class_name": "Zeros", "config": {}}, "kernel_regularizer": null, "bias_regularizer": null, "activity_regularizer": null, "kernel_constraint": null, "bias_constraint": null}, "inbound_nodes": [[["average_pooling2d_1", 0, 0, {}]]]}, {"name": "leaky_re_lu_10", "class_name": "LeakyReLU", "config": {"name": "leaky_re_lu_10", "trainable": true, "dtype": "float32", "alpha": 0.009999999776482582}, "inbound_nodes": [[["conv2d_16", 0, 0, {}]]]}, {"name": "conv2d_17", "class_name": "Conv2D", "config": {"name": "conv2d_17", "trainable": true, "dtype": "float32", "filters": 128, "kernel_size": [3, 3], "strides": [1, 1], "padding": "same", "data_format": "channels_last", "dilation_rate": [1, 1], "activation": "linear", "use_bias": true, "kernel_initializer": {"class_name": "VarianceScaling", "config": {"scale": 2.0, "mode": "fan_in", "distribution": "normal", "seed": null}}, "bias_initializer": {"class_name": "Zeros", "config": {}}, "kernel_regularizer": null, "bias_regularizer": null, "activity_regularizer": null, "kernel_constraint": null, "bias_constraint": null}, "inbound_nodes": [[["leaky_re_lu_10", 0, 0, {}]]]}, {"name": "leaky_re_lu_11", "class_name": "LeakyReLU", "config": {"name": "leaky_re_lu_11", "trainable": true, "dtype": "float32", "alpha": 0.009999999776482582}, "inbound_nodes": [[["conv2d_17", 0, 0, {}]]]}, {"name": "average_pooling2d_2", "class_name": "AveragePooling2D", "config": {"name": "average_pooling2d_2", "trainable": true, "dtype": "float32", "pool_size": [2, 2], "padding": "valid", "strides": [2, 2], "data_format": "channels_last"}, "inbound_nodes": [[["leaky_re_lu_11", 0, 0, {}]]]}, {"name": "conv2d_18", "class_name": "Conv2D", "config": {"name": "conv2d_18", "trainable": true, "dtype": "float32", "filters": 128, "kernel_size": [3, 3], "strides": [1, 1], "padding": "same", "data_format": "channels_last", "dilation_rate": [1, 1], "activation": "linear", "use_bias": true, "kernel_initializer": {"class_name": "VarianceScaling", "config": {"scale": 2.0, "mode": "fan_in", "distribution": "normal", "seed": null}}, "bias_initializer": {"class_name": "Zeros", "config": {}}, "kernel_regularizer": null, "bias_regularizer": null, "activity_regularizer": null, "kernel_constraint": null, "bias_constraint": null}, "inbound_nodes": [[["average_pooling2d_2", 0, 0, {}]]]}, {"name": "leaky_re_lu_12", "class_name": "LeakyReLU", "config": {"name": "leaky_re_lu_12", "trainable": true, "dtype": "float32", "alpha": 0.009999999776482582}, "inbound_nodes": [[["conv2d_18", 0, 0, {}]]]}, {"name": "conv2d_19", "class_name": "Conv2D", "config": {"name": "conv2d_19", "trainable": true, "dtype": "float32", "filters": 256, "kernel_size": [3, 3], "strides": [1, 1], "padding": "same", "data_format": "channels_last", "dilation_rate": [1, 1], "activation": "linear", "use_bias": true, "kernel_initializer": {"class_name": "VarianceScaling", "config": {"scale": 2.0, "mode": "fan_in", "distribution": "normal", "seed": null}}, "bias_initializer": {"class_name": "Zeros", "config": {}}, "kernel_regularizer": null, "bias_regularizer": null, "activity_regularizer": null, "kernel_constraint": null, "bias_constraint": null}, "inbound_nodes": [[["leaky_re_lu_12", 0, 0, {}]]]}, {"name": "leaky_re_lu_13", "class_name": "LeakyReLU", "config": {"name": "leaky_re_lu_13", "trainable": true, "dtype": "float32", "alpha": 0.009999999776482582}, "inbound_nodes": [[["conv2d_19", 0, 0, {}]]]}, {"name": "average_pooling2d_3", "class_name": "AveragePooling2D", "config": {"name": "average_pooling2d_3", "trainable": true, "dtype": "float32", "pool_size": [2, 2], "padding": "valid", "strides": [2, 2], "data_format": "channels_last"}, "inbound_nodes": [[["leaky_re_lu_13", 0, 0, {}]]]}, {"name": "conv2d_20", "class_name": "Conv2D", "config": {"name": "conv2d_20", "trainable": true, "dtype": "float32", "filters": 256, "kernel_size": [3, 3], "strides": [1, 1], "padding": "same", "data_format": "channels_last", "dilation_rate": [1, 1], "activation": "linear", "use_bias": true, "kernel_initializer": {"class_name": "VarianceScaling", "config": {"scale": 2.0, "mode": "fan_in", "distribution": "normal", "seed": null}}, "bias_initializer": {"class_name": "Zeros", "config": {}}, "kernel_regularizer": null, "bias_regularizer": null, "activity_regularizer": null, "kernel_constraint": null, "bias_constraint": null}, "inbound_nodes": [[["average_pooling2d_3", 0, 0, {}]]]}, {"name": "leaky_re_lu_14", "class_name": "LeakyReLU", "config": {"name": "leaky_re_lu_14", "trainable": true, "dtype": "float32", "alpha": 0.009999999776482582}, "inbound_nodes": [[["conv2d_20", 0, 0, {}]]]}, {"name": "conv2d_21", "class_name": "Conv2D", "config": {"name": "conv2d_21", "trainable": true, "dtype": "float32", "filters": 256, "kernel_size": [3, 3], "strides": [1, 1], "padding": "same", "data_format": "channels_last", "dilation_rate": [1, 1], "activation": "linear", "use_bias": true, "kernel_initializer": {"class_name": "VarianceScaling", "config": {"scale": 2.0, "mode": "fan_in", "distribution": "normal", "seed": null}}, "bias_initializer": {"class_name": "Zeros", "config": {}}, "kernel_regularizer": null, "bias_regularizer": null, "activity_regularizer": null, "kernel_constraint": null, "bias_constraint": null}, "inbound_nodes": [[["leaky_re_lu_14", 0, 0, {}]]]}, {"name": "leaky_re_lu_15", "class_name": "LeakyReLU", "config": {"name": "leaky_re_lu_15", "trainable": true, "dtype": "float32", "alpha": 0.009999999776482582}, "inbound_nodes": [[["conv2d_21", 0, 0, {}]]]}, {"name": "average_pooling2d_4", "class_name": "AveragePooling2D", "config": {"name": "average_pooling2d_4", "trainable": true, "dtype": "float32", "pool_size": [2, 2], "padding": "valid", "strides": [2, 2], "data_format": "channels_last"}, "inbound_nodes": [[["leaky_re_lu_15", 0, 0, {}]]]}, {"name": "conv2d_22", "class_name": "Conv2D", "config": {"name": "conv2d_22", "trainable": true, "dtype": "float32", "filters": 256, "kernel_size": [3, 3], "strides": [1, 1], "padding": "same", "data_format": "channels_last", "dilation_rate": [1, 1], "activation": "linear", "use_bias": true, "kernel_initializer": {"class_name": "VarianceScaling", "config": {"scale": 2.0, "mode": "fan_in", "distribution": "normal", "seed": null}}, "bias_initializer": {"class_name": "Zeros", "config": {}}, "kernel_regularizer": null, "bias_regularizer": null, "activity_regularizer": null, "kernel_constraint": null, "bias_constraint": null}, "inbound_nodes": [[["average_pooling2d_4", 0, 0, {}]]]}, {"name": "leaky_re_lu_16", "class_name": "LeakyReLU", "config": {"name": "leaky_re_lu_16", "trainable": true, "dtype": "float32", "alpha": 0.009999999776482582}, "inbound_nodes": [[["conv2d_22", 0, 0, {}]]]}, {"name": "flatten_1", "class_name": "Flatten", "config": {"name": "flatten_1", "trainable": true, "dtype": "float32", "data_format": "channels_last"}, "inbound_nodes": [[["leaky_re_lu_16", 0, 0, {}]]]}, {"name": "dense_9", "class_name": "Dense", "config": {"name": "dense_9", "trainable": true, "dtype": "float32", "units": 1, "activation": "linear", "use_bias": true, "kernel_initializer": {"class_name": "VarianceScaling", "config": {"scale": 1.0, "mode": "fan_avg", "distribution": "uniform", "seed": null}}, "bias_initializer": {"class_name": "Zeros", "config": {}}, "kernel_regularizer": null, "bias_regularizer": null, "activity_regularizer": null, "kernel_constraint": null, "bias_constraint": null}, "inbound_nodes": [[["flatten_1", 0, 0, {}]]]}], "input_layers": [["input_4", 0, 0]], "output_layers": [["dense_9", 0, 0]]}, "keras_version": "2.2.5", "backend": "tensorflow"}