{"class_name": "Model", "config": {"name": "D_chain_0", "layers": [{"name": "input_2", "class_name": "InputLayer", "config": {"batch_input_shape": [null, 8, 8, 128], "dtype": "float32", "sparse": false, "name": "input_2"}, "inbound_nodes": []}, {"name": "conv2d_3", "class_name": "Conv2D", "config": {"name": "conv2d_3", "trainable": true, "dtype": "float32", "filters": 128, "kernel_size": [3, 3], "strides": [1, 1], "padding": "same", "data_format": "channels_last", "dilation_rate": [1, 1], "activation": "linear", "use_bias": true, "kernel_initializer": {"class_name": "RandomNormal", "config": {"mean": 0.0, "stddev": 0.02, "seed": null}}, "bias_initializer": {"class_name": "Zeros", "config": {}}, "kernel_regularizer": null, "bias_regularizer": null, "activity_regularizer": null, "kernel_constraint": {"class_name": "MaxNorm", "config": {"max_value": 1.0, "axis": 0}}, "bias_constraint": null}, "inbound_nodes": [[["input_2", 0, 0, {}]]]}, {"name": "leaky_re_lu_3", "class_name": "LeakyReLU", "config": {"name": "leaky_re_lu_3", "trainable": true, "dtype": "float32", "alpha": 0.20000000298023224}, "inbound_nodes": [[["conv2d_3", 0, 0, {}]]]}, {"name": "conv2d_4", "class_name": "Conv2D", "config": {"name": "conv2d_4", "trainable": true, "dtype": "float32", "filters": 128, "kernel_size": [4, 4], "strides": [1, 1], "padding": "same", "data_format": "channels_last", "dilation_rate": [1, 1], "activation": "linear", "use_bias": true, "kernel_initializer": {"class_name": "RandomNormal", "config": {"mean": 0.0, "stddev": 0.02, "seed": null}}, "bias_initializer": {"class_name": "Zeros", "config": {}}, "kernel_regularizer": null, "bias_regularizer": null, "activity_regularizer": null, "kernel_constraint": {"class_name": "MaxNorm", "config": {"max_value": 1.0, "axis": 0}}, "bias_constraint": null}, "inbound_nodes": [[["leaky_re_lu_3", 0, 0, {}]]]}, {"name": "leaky_re_lu_4", "class_name": "LeakyReLU", "config": {"name": "leaky_re_lu_4", "trainable": true, "dtype": "float32", "alpha": 0.20000000298023224}, "inbound_nodes": [[["conv2d_4", 0, 0, {}]]]}], "input_layers": [["input_2", 0, 0]], "output_layers": [["leaky_re_lu_4", 0, 0]]}, "keras_version": "2.3.0", "backend": "tensorflow"}