{"class_name": "Model", "config": {"name": "input_layers_0_for_G", "layers": [{"name": "input_20", "class_name": "InputLayer", "config": {"batch_input_shape": [null, 1024], "dtype": "float32", "sparse": false, "name": "input_20"}, "inbound_nodes": []}, {"name": "dense_2", "class_name": "Dense", "config": {"name": "dense_2", "trainable": true, "dtype": "float32", "units": 8192, "activation": "linear", "use_bias": true, "kernel_initializer": {"class_name": "RandomNormal", "config": {"mean": 0.0, "stddev": 0.02, "seed": null}}, "bias_initializer": {"class_name": "Zeros", "config": {}}, "kernel_regularizer": null, "bias_regularizer": null, "activity_regularizer": null, "kernel_constraint": {"class_name": "MaxNorm", "config": {"max_value": 1.0, "axis": 0}}, "bias_constraint": null}, "inbound_nodes": [[["input_20", 0, 0, {}]]]}, {"name": "reshape_1", "class_name": "Reshape", "config": {"name": "reshape_1", "trainable": true, "dtype": "float32", "target_shape": [8, 8, 128]}, "inbound_nodes": [[["dense_2", 0, 0, {}]]]}], "input_layers": [["input_20", 0, 0]], "output_layers": [["reshape_1", 0, 0]]}, "keras_version": "2.3.0", "backend": "tensorflow"}