{"class_name": "Model", "config": {"name": "model_31", "layers": [{"name": "input_19", "class_name": "InputLayer", "config": {"batch_input_shape": [null, 300], "dtype": "float32", "sparse": false, "name": "input_19"}, "inbound_nodes": []}, {"name": "normalize_3", "class_name": "Normalize", "config": {"name": "normalize_3", "trainable": false, "dtype": "float32"}, "inbound_nodes": [[["input_19", 0, 0, {}]]]}, {"name": "dense_14", "class_name": "Dense", "config": {"name": "dense_14", "trainable": false, "dtype": "float32", "units": 300, "activation": "linear", "use_bias": true, "kernel_initializer": {"class_name": "VarianceScaling", "config": {"scale": 2.0, "mode": "fan_in", "distribution": "normal", "seed": null}}, "bias_initializer": {"class_name": "Zeros", "config": {}}, "kernel_regularizer": null, "bias_regularizer": null, "activity_regularizer": null, "kernel_constraint": null, "bias_constraint": null}, "inbound_nodes": [[["normalize_3", 0, 0, {}]]]}, {"name": "dense_15", "class_name": "Dense", "config": {"name": "dense_15", "trainable": false, "dtype": "float32", "units": 300, "activation": "linear", "use_bias": true, "kernel_initializer": {"class_name": "VarianceScaling", "config": {"scale": 2.0, "mode": "fan_in", "distribution": "normal", "seed": null}}, "bias_initializer": {"class_name": "Zeros", "config": {}}, "kernel_regularizer": null, "bias_regularizer": null, "activity_regularizer": null, "kernel_constraint": null, "bias_constraint": null}, "inbound_nodes": [[["dense_14", 0, 0, {}]]]}, {"name": "leaky_re_lu_50", "class_name": "LeakyReLU", "config": {"name": "leaky_re_lu_50", "trainable": false, "dtype": "float32", "alpha": 0.10000000149011612}, "inbound_nodes": [[["dense_15", 0, 0, {}]]]}, {"name": "dense_16", "class_name": "Dense", "config": {"name": "dense_16", "trainable": false, "dtype": "float32", "units": 300, "activation": "linear", "use_bias": true, "kernel_initializer": {"class_name": "VarianceScaling", "config": {"scale": 2.0, "mode": "fan_in", "distribution": "normal", "seed": null}}, "bias_initializer": {"class_name": "Zeros", "config": {}}, "kernel_regularizer": null, "bias_regularizer": null, "activity_regularizer": null, "kernel_constraint": null, "bias_constraint": null}, "inbound_nodes": [[["leaky_re_lu_50", 0, 0, {}]]]}, {"name": "leaky_re_lu_51", "class_name": "LeakyReLU", "config": {"name": "leaky_re_lu_51", "trainable": false, "dtype": "float32", "alpha": 0.10000000149011612}, "inbound_nodes": [[["dense_16", 0, 0, {}]]]}, {"name": "dense_17", "class_name": "Dense", "config": {"name": "dense_17", "trainable": false, "dtype": "float32", "units": 300, "activation": "linear", "use_bias": true, "kernel_initializer": {"class_name": "VarianceScaling", "config": {"scale": 2.0, "mode": "fan_in", "distribution": "normal", "seed": null}}, "bias_initializer": {"class_name": "Zeros", "config": {}}, "kernel_regularizer": null, "bias_regularizer": null, "activity_regularizer": null, "kernel_constraint": null, "bias_constraint": null}, "inbound_nodes": [[["leaky_re_lu_51", 0, 0, {}]]]}, {"name": "leaky_re_lu_52", "class_name": "LeakyReLU", "config": {"name": "leaky_re_lu_52", "trainable": false, "dtype": "float32", "alpha": 0.10000000149011612}, "inbound_nodes": [[["dense_17", 0, 0, {}]]]}, {"name": "dense_18", "class_name": "Dense", "config": {"name": "dense_18", "trainable": false, "dtype": "float32", "units": 300, "activation": "linear", "use_bias": true, "kernel_initializer": {"class_name": "VarianceScaling", "config": {"scale": 2.0, "mode": "fan_in", "distribution": "normal", "seed": null}}, "bias_initializer": {"class_name": "Zeros", "config": {}}, "kernel_regularizer": null, "bias_regularizer": null, "activity_regularizer": null, "kernel_constraint": null, "bias_constraint": null}, "inbound_nodes": [[["leaky_re_lu_52", 0, 0, {}]]]}, {"name": "leaky_re_lu_53", "class_name": "LeakyReLU", "config": {"name": "leaky_re_lu_53", "trainable": false, "dtype": "float32", "alpha": 0.10000000149011612}, "inbound_nodes": [[["dense_18", 0, 0, {}]]]}, {"name": "dense_19", "class_name": "Dense", "config": {"name": "dense_19", "trainable": false, "dtype": "float32", "units": 300, "activation": "linear", "use_bias": true, "kernel_initializer": {"class_name": "VarianceScaling", "config": {"scale": 2.0, "mode": "fan_in", "distribution": "normal", "seed": null}}, "bias_initializer": {"class_name": "Zeros", "config": {}}, "kernel_regularizer": null, "bias_regularizer": null, "activity_regularizer": null, "kernel_constraint": null, "bias_constraint": null}, "inbound_nodes": [[["leaky_re_lu_53", 0, 0, {}]]]}, {"name": "leaky_re_lu_54", "class_name": "LeakyReLU", "config": {"name": "leaky_re_lu_54", "trainable": false, "dtype": "float32", "alpha": 0.10000000149011612}, "inbound_nodes": [[["dense_19", 0, 0, {}]]]}, {"name": "dense_20", "class_name": "Dense", "config": {"name": "dense_20", "trainable": false, "dtype": "float32", "units": 300, "activation": "linear", "use_bias": true, "kernel_initializer": {"class_name": "VarianceScaling", "config": {"scale": 2.0, "mode": "fan_in", "distribution": "normal", "seed": null}}, "bias_initializer": {"class_name": "Zeros", "config": {}}, "kernel_regularizer": null, "bias_regularizer": null, "activity_regularizer": null, "kernel_constraint": null, "bias_constraint": null}, "inbound_nodes": [[["leaky_re_lu_54", 0, 0, {}]]]}, {"name": "leaky_re_lu_55", "class_name": "LeakyReLU", "config": {"name": "leaky_re_lu_55", "trainable": false, "dtype": "float32", "alpha": 0.10000000149011612}, "inbound_nodes": [[["dense_20", 0, 0, {}]]]}, {"name": "dense_21", "class_name": "Dense", "config": {"name": "dense_21", "trainable": false, "dtype": "float32", "units": 300, "activation": "linear", "use_bias": true, "kernel_initializer": {"class_name": "VarianceScaling", "config": {"scale": 2.0, "mode": "fan_in", "distribution": "normal", "seed": null}}, "bias_initializer": {"class_name": "Zeros", "config": {}}, "kernel_regularizer": null, "bias_regularizer": null, "activity_regularizer": null, "kernel_constraint": null, "bias_constraint": null}, "inbound_nodes": [[["leaky_re_lu_55", 0, 0, {}]]]}, {"name": "leaky_re_lu_56", "class_name": "LeakyReLU", "config": {"name": "leaky_re_lu_56", "trainable": false, "dtype": "float32", "alpha": 0.10000000149011612}, "inbound_nodes": [[["dense_21", 0, 0, {}]]]}], "input_layers": [["input_19", 0, 0]], "output_layers": [["leaky_re_lu_56", 0, 0]]}, "keras_version": "2.2.5", "backend": "tensorflow"}