{"class_name": "Model", "config": {"name": "model_33", "layers": [{"name": "input_22", "class_name": "InputLayer", "config": {"batch_input_shape": [null, 256, 256, 3], "dtype": "float32", "sparse": false, "name": "input_22"}, "inbound_nodes": []}, {"name": "conv2d_58", "class_name": "Conv2D", "config": {"name": "conv2d_58", "trainable": true, "dtype": "float32", "filters": 32, "kernel_size": [3, 3], "strides": [1, 1], "padding": "same", "data_format": "channels_last", "dilation_rate": [1, 1], "activation": "linear", "use_bias": true, "kernel_initializer": {"class_name": "VarianceScaling", "config": {"scale": 2.0, "mode": "fan_in", "distribution": "normal", "seed": null}}, "bias_initializer": {"class_name": "Zeros", "config": {}}, "kernel_regularizer": null, "bias_regularizer": null, "activity_regularizer": null, "kernel_constraint": null, "bias_constraint": null}, "inbound_nodes": [[["input_22", 0, 0, {}]]]}, {"name": "leaky_re_lu_69", "class_name": "LeakyReLU", "config": {"name": "leaky_re_lu_69", "trainable": true, "dtype": "float32", "alpha": 0.009999999776482582}, "inbound_nodes": [[["conv2d_58", 0, 0, {}]]]}, {"name": "conv2d_59", "class_name": "Conv2D", "config": {"name": "conv2d_59", "trainable": true, "dtype": "float32", "filters": 32, "kernel_size": [3, 3], "strides": [1, 1], "padding": "same", "data_format": "channels_last", "dilation_rate": [1, 1], "activation": "linear", "use_bias": true, "kernel_initializer": {"class_name": "VarianceScaling", "config": {"scale": 2.0, "mode": "fan_in", "distribution": "normal", "seed": null}}, "bias_initializer": {"class_name": "Zeros", "config": {}}, "kernel_regularizer": null, "bias_regularizer": null, "activity_regularizer": null, "kernel_constraint": null, "bias_constraint": null}, "inbound_nodes": [[["leaky_re_lu_69", 0, 0, {}]]]}, {"name": "leaky_re_lu_70", "class_name": "LeakyReLU", "config": {"name": "leaky_re_lu_70", "trainable": true, "dtype": "float32", "alpha": 0.10000000149011612}, "inbound_nodes": [[["conv2d_59", 0, 0, {}]]]}, {"name": "average_pooling2d_9", "class_name": "AveragePooling2D", "config": {"name": "average_pooling2d_9", "trainable": true, "dtype": "float32", "pool_size": [2, 2], "padding": "valid", "strides": [2, 2], "data_format": "channels_last"}, "inbound_nodes": [[["leaky_re_lu_70", 0, 0, {}]]]}, {"name": "conv2d_60", "class_name": "Conv2D", "config": {"name": "conv2d_60", "trainable": true, "dtype": "float32", "filters": 32, "kernel_size": [3, 3], "strides": [1, 1], "padding": "same", "data_format": "channels_last", "dilation_rate": [1, 1], "activation": "linear", "use_bias": true, "kernel_initializer": {"class_name": "VarianceScaling", "config": {"scale": 2.0, "mode": "fan_in", "distribution": "normal", "seed": null}}, "bias_initializer": {"class_name": "Zeros", "config": {}}, "kernel_regularizer": null, "bias_regularizer": null, "activity_regularizer": null, "kernel_constraint": null, "bias_constraint": null}, "inbound_nodes": [[["average_pooling2d_9", 0, 0, {}]]]}, {"name": "leaky_re_lu_71", "class_name": "LeakyReLU", "config": {"name": "leaky_re_lu_71", "trainable": true, "dtype": "float32", "alpha": 0.10000000149011612}, "inbound_nodes": [[["conv2d_60", 0, 0, {}]]]}, {"name": "conv2d_61", "class_name": "Conv2D", "config": {"name": "conv2d_61", "trainable": true, "dtype": "float32", "filters": 64, "kernel_size": [3, 3], "strides": [1, 1], "padding": "same", "data_format": "channels_last", "dilation_rate": [1, 1], "activation": "linear", "use_bias": true, "kernel_initializer": {"class_name": "VarianceScaling", "config": {"scale": 2.0, "mode": "fan_in", "distribution": "normal", "seed": null}}, "bias_initializer": {"class_name": "Zeros", "config": {}}, "kernel_regularizer": null, "bias_regularizer": null, "activity_regularizer": null, "kernel_constraint": null, "bias_constraint": null}, "inbound_nodes": [[["leaky_re_lu_71", 0, 0, {}]]]}, {"name": "leaky_re_lu_72", "class_name": "LeakyReLU", "config": {"name": "leaky_re_lu_72", "trainable": true, "dtype": "float32", "alpha": 0.10000000149011612}, "inbound_nodes": [[["conv2d_61", 0, 0, {}]]]}, {"name": "average_pooling2d_10", "class_name": "AveragePooling2D", "config": {"name": "average_pooling2d_10", "trainable": true, "dtype": "float32", "pool_size": [2, 2], "padding": "valid", "strides": [2, 2], "data_format": "channels_last"}, "inbound_nodes": [[["leaky_re_lu_72", 0, 0, {}]]]}, {"name": "conv2d_62", "class_name": "Conv2D", "config": {"name": "conv2d_62", "trainable": true, "dtype": "float32", "filters": 64, "kernel_size": [3, 3], "strides": [1, 1], "padding": "same", "data_format": "channels_last", "dilation_rate": [1, 1], "activation": "linear", "use_bias": true, "kernel_initializer": {"class_name": "VarianceScaling", "config": {"scale": 2.0, "mode": "fan_in", "distribution": "normal", "seed": null}}, "bias_initializer": {"class_name": "Zeros", "config": {}}, "kernel_regularizer": null, "bias_regularizer": null, "activity_regularizer": null, "kernel_constraint": null, "bias_constraint": null}, "inbound_nodes": [[["average_pooling2d_10", 0, 0, {}]]]}, {"name": "leaky_re_lu_73", "class_name": "LeakyReLU", "config": {"name": "leaky_re_lu_73", "trainable": true, "dtype": "float32", "alpha": 0.10000000149011612}, "inbound_nodes": [[["conv2d_62", 0, 0, {}]]]}, {"name": "conv2d_63", "class_name": "Conv2D", "config": {"name": "conv2d_63", "trainable": true, "dtype": "float32", "filters": 128, "kernel_size": [3, 3], "strides": [1, 1], "padding": "same", "data_format": "channels_last", "dilation_rate": [1, 1], "activation": "linear", "use_bias": true, "kernel_initializer": {"class_name": "VarianceScaling", "config": {"scale": 2.0, "mode": "fan_in", "distribution": "normal", "seed": null}}, "bias_initializer": {"class_name": "Zeros", "config": {}}, "kernel_regularizer": null, "bias_regularizer": null, "activity_regularizer": null, "kernel_constraint": null, "bias_constraint": null}, "inbound_nodes": [[["leaky_re_lu_73", 0, 0, {}]]]}, {"name": "leaky_re_lu_74", "class_name": "LeakyReLU", "config": {"name": "leaky_re_lu_74", "trainable": true, "dtype": "float32", "alpha": 0.10000000149011612}, "inbound_nodes": [[["conv2d_63", 0, 0, {}]]]}, {"name": "average_pooling2d_11", "class_name": "AveragePooling2D", "config": {"name": "average_pooling2d_11", "trainable": true, "dtype": "float32", "pool_size": [2, 2], "padding": "valid", "strides": [2, 2], "data_format": "channels_last"}, "inbound_nodes": [[["leaky_re_lu_74", 0, 0, {}]]]}, {"name": "conv2d_64", "class_name": "Conv2D", "config": {"name": "conv2d_64", "trainable": true, "dtype": "float32", "filters": 128, "kernel_size": [3, 3], "strides": [1, 1], "padding": "same", "data_format": "channels_last", "dilation_rate": [1, 1], "activation": "linear", "use_bias": true, "kernel_initializer": {"class_name": "VarianceScaling", "config": {"scale": 2.0, "mode": "fan_in", "distribution": "normal", "seed": null}}, "bias_initializer": {"class_name": "Zeros", "config": {}}, "kernel_regularizer": null, "bias_regularizer": null, "activity_regularizer": null, "kernel_constraint": null, "bias_constraint": null}, "inbound_nodes": [[["average_pooling2d_11", 0, 0, {}]]]}, {"name": "leaky_re_lu_75", "class_name": "LeakyReLU", "config": {"name": "leaky_re_lu_75", "trainable": true, "dtype": "float32", "alpha": 0.10000000149011612}, "inbound_nodes": [[["conv2d_64", 0, 0, {}]]]}, {"name": "conv2d_65", "class_name": "Conv2D", "config": {"name": "conv2d_65", "trainable": true, "dtype": "float32", "filters": 256, "kernel_size": [3, 3], "strides": [1, 1], "padding": "same", "data_format": "channels_last", "dilation_rate": [1, 1], "activation": "linear", "use_bias": true, "kernel_initializer": {"class_name": "VarianceScaling", "config": {"scale": 2.0, "mode": "fan_in", "distribution": "normal", "seed": null}}, "bias_initializer": {"class_name": "Zeros", "config": {}}, "kernel_regularizer": null, "bias_regularizer": null, "activity_regularizer": null, "kernel_constraint": null, "bias_constraint": null}, "inbound_nodes": [[["leaky_re_lu_75", 0, 0, {}]]]}, {"name": "leaky_re_lu_76", "class_name": "LeakyReLU", "config": {"name": "leaky_re_lu_76", "trainable": true, "dtype": "float32", "alpha": 0.10000000149011612}, "inbound_nodes": [[["conv2d_65", 0, 0, {}]]]}, {"name": "average_pooling2d_12", "class_name": "AveragePooling2D", "config": {"name": "average_pooling2d_12", "trainable": true, "dtype": "float32", "pool_size": [2, 2], "padding": "valid", "strides": [2, 2], "data_format": "channels_last"}, "inbound_nodes": [[["leaky_re_lu_76", 0, 0, {}]]]}, {"name": "conv2d_66", "class_name": "Conv2D", "config": {"name": "conv2d_66", "trainable": true, "dtype": "float32", "filters": 256, "kernel_size": [3, 3], "strides": [1, 1], "padding": "same", "data_format": "channels_last", "dilation_rate": [1, 1], "activation": "linear", "use_bias": true, "kernel_initializer": {"class_name": "VarianceScaling", "config": {"scale": 2.0, "mode": "fan_in", "distribution": "normal", "seed": null}}, "bias_initializer": {"class_name": "Zeros", "config": {}}, "kernel_regularizer": null, "bias_regularizer": null, "activity_regularizer": null, "kernel_constraint": null, "bias_constraint": null}, "inbound_nodes": [[["average_pooling2d_12", 0, 0, {}]]]}, {"name": "leaky_re_lu_77", "class_name": "LeakyReLU", "config": {"name": "leaky_re_lu_77", "trainable": true, "dtype": "float32", "alpha": 0.10000000149011612}, "inbound_nodes": [[["conv2d_66", 0, 0, {}]]]}, {"name": "flatten_3", "class_name": "Flatten", "config": {"name": "flatten_3", "trainable": true, "dtype": "float32", "data_format": "channels_last"}, "inbound_nodes": [[["leaky_re_lu_77", 0, 0, {}]]]}, {"name": "dense_22", "class_name": "Dense", "config": {"name": "dense_22", "trainable": true, "dtype": "float32", "units": 128, "activation": "linear", "use_bias": true, "kernel_initializer": {"class_name": "VarianceScaling", "config": {"scale": 1.0, "mode": "fan_avg", "distribution": "uniform", "seed": null}}, "bias_initializer": {"class_name": "Zeros", "config": {}}, "kernel_regularizer": null, "bias_regularizer": null, "activity_regularizer": null, "kernel_constraint": null, "bias_constraint": null}, "inbound_nodes": [[["flatten_3", 0, 0, {}]]]}, {"name": "activation_8", "class_name": "Activation", "config": {"name": "activation_8", "trainable": true, "dtype": "float32", "activation": "relu"}, "inbound_nodes": [[["dense_22", 0, 0, {}]]]}, {"name": "dropout_3", "class_name": "Dropout", "config": {"name": "dropout_3", "trainable": true, "dtype": "float32", "rate": 0.3, "noise_shape": null, "seed": null}, "inbound_nodes": [[["activation_8", 0, 0, {}]]]}, {"name": "dense_23", "class_name": "Dense", "config": {"name": "dense_23", "trainable": true, "dtype": "float32", "units": 1, "activation": "linear", "use_bias": true, "kernel_initializer": {"class_name": "VarianceScaling", "config": {"scale": 1.0, "mode": "fan_avg", "distribution": "uniform", "seed": null}}, "bias_initializer": {"class_name": "Zeros", "config": {}}, "kernel_regularizer": null, "bias_regularizer": null, "activity_regularizer": null, "kernel_constraint": null, "bias_constraint": null}, "inbound_nodes": [[["dropout_3", 0, 0, {}]]]}, {"name": "activation_9", "class_name": "Activation", "config": {"name": "activation_9", "trainable": true, "dtype": "float32", "activation": "sigmoid"}, "inbound_nodes": [[["dense_23", 0, 0, {}]]]}], "input_layers": [["input_22", 0, 0]], "output_layers": [["activation_9", 0, 0]]}, "keras_version": "2.2.5", "backend": "tensorflow"}