{"class_name": "Model", "config": {"name": "G_chain_2", "layers": [{"name": "input_11", "class_name": "InputLayer", "config": {"batch_input_shape": [null, 8, 8, 256], "dtype": "float32", "sparse": false, "name": "input_11"}, "inbound_nodes": []}, {"name": "google_attention_1", "class_name": "GoogleAttention", "config": {"scale_channels": [8, 2], "name": "google_attention_1", "trainable": true, "dtype": "float32"}, "inbound_nodes": [[["input_11", 0, 0, {}]]]}, {"name": "up_sampling2d_2", "class_name": "UpSampling2D", "config": {"name": "up_sampling2d_2", "trainable": true, "dtype": "float32", "size": [2, 2], "data_format": "channels_last", "interpolation": "nearest"}, "inbound_nodes": [[["google_attention_1", 0, 0, {}]]]}, {"name": "conv2d_8", "class_name": "Conv2D", "config": {"name": "conv2d_8", "trainable": true, "dtype": "float32", "filters": 128, "kernel_size": [3, 3], "strides": [1, 1], "padding": "same", "data_format": "channels_last", "dilation_rate": [1, 1], "activation": "linear", "use_bias": true, "kernel_initializer": {"class_name": "RandomNormal", "config": {"mean": 0.0, "stddev": 0.04, "seed": null}}, "bias_initializer": {"class_name": "Zeros", "config": {}}, "kernel_regularizer": null, "bias_regularizer": null, "activity_regularizer": null, "kernel_constraint": {"class_name": "MaxNorm", "config": {"max_value": 1.0, "axis": 0}}, "bias_constraint": null}, "inbound_nodes": [[["up_sampling2d_2", 0, 0, {}]]]}, {"name": "apply_noise_5", "class_name": "ApplyNoise", "config": {"name": "apply_noise_5", "trainable": true, "dtype": "float32", "noise_generating_rule": "loaded_from_outer_model", "fils": 128, "noise_func": "random_normal", "noise_args": [], "noise_keywords": {"mean": 0, "stddev": 0.5}}, "inbound_nodes": [[["conv2d_8", 0, 0, {}]]]}, {"name": "input_10", "class_name": "InputLayer", "config": {"batch_input_shape": [null, 512], "dtype": "float32", "sparse": false, "name": "input_10"}, "inbound_nodes": []}, {"name": "ada_in_5", "class_name": "AdaIN", "config": {"name": "ada_in_5", "trainable": true, "dtype": "float32", "input_dim": 512, "units": 128, "axis": -1, "momentum": 0.99, "epsilon": 1e-07, "center": true, "scale": true}, "inbound_nodes": [[["apply_noise_5", 0, 0, {}], ["input_10", 0, 0, {}]]]}, {"name": "conv2d_9", "class_name": "Conv2D", "config": {"name": "conv2d_9", "trainable": true, "dtype": "float32", "filters": 128, "kernel_size": [3, 3], "strides": [1, 1], "padding": "same", "data_format": "channels_last", "dilation_rate": [1, 1], "activation": "linear", "use_bias": true, "kernel_initializer": {"class_name": "RandomNormal", "config": {"mean": 0.0, "stddev": 0.04, "seed": null}}, "bias_initializer": {"class_name": "Zeros", "config": {}}, "kernel_regularizer": null, "bias_regularizer": null, "activity_regularizer": null, "kernel_constraint": {"class_name": "MaxNorm", "config": {"max_value": 1.0, "axis": 0}}, "bias_constraint": null}, "inbound_nodes": [[["ada_in_5", 0, 0, {}]]]}, {"name": "apply_noise_6", "class_name": "ApplyNoise", "config": {"name": "apply_noise_6", "trainable": true, "dtype": "float32", "noise_generating_rule": "loaded_from_outer_model", "fils": 128, "noise_func": "random_normal", "noise_args": [], "noise_keywords": {"mean": 0, "stddev": 0.5}}, "inbound_nodes": [[["conv2d_9", 0, 0, {}]]]}, {"name": "ada_in_6", "class_name": "AdaIN", "config": {"name": "ada_in_6", "trainable": true, "dtype": "float32", "input_dim": 512, "units": 128, "axis": -1, "momentum": 0.99, "epsilon": 1e-07, "center": true, "scale": true}, "inbound_nodes": [[["apply_noise_6", 0, 0, {}], ["input_10", 0, 0, {}]]]}], "input_layers": [["input_11", 0, 0], ["input_10", 0, 0]], "output_layers": [["ada_in_6", 0, 0]]}, "keras_version": "2.2.5", "backend": "tensorflow"}