{"class_name": "Model", "config": {"name": "input_layers_3_for_G", "layers": [{"name": "input_36", "class_name": "InputLayer", "config": {"batch_input_shape": [null, 512], "dtype": "float32", "sparse": false, "name": "input_36"}, "inbound_nodes": []}, {"name": "input_37", "class_name": "InputLayer", "config": {"batch_input_shape": [null, 512], "dtype": "float32", "sparse": false, "name": "input_37"}, "inbound_nodes": []}, {"name": "normalize_1", "class_name": "Normalize", "config": {"name": "normalize_1", "trainable": true, "dtype": "float32"}, "inbound_nodes": [[["input_36", 0, 0, {}]]]}, {"name": "normalize_2", "class_name": "Normalize", "config": {"name": "normalize_2", "trainable": true, "dtype": "float32"}, "inbound_nodes": [[["input_37", 0, 0, {}]]]}, {"name": "dense_2", "class_name": "Dense", "config": {"name": "dense_2", "trainable": true, "dtype": "float32", "units": 512, "activation": "linear", "use_bias": true, "kernel_initializer": {"class_name": "RandomNormal", "config": {"mean": 0.0, "stddev": 0.04, "seed": null}}, "bias_initializer": {"class_name": "Zeros", "config": {}}, "kernel_regularizer": null, "bias_regularizer": null, "activity_regularizer": null, "kernel_constraint": {"class_name": "MaxNorm", "config": {"max_value": 1.0, "axis": 0}}, "bias_constraint": null}, "inbound_nodes": [[["normalize_1", 0, 0, {}]], [["normalize_2", 0, 0, {}]]]}, {"name": "dense_3", "class_name": "Dense", "config": {"name": "dense_3", "trainable": true, "dtype": "float32", "units": 512, "activation": "linear", "use_bias": true, "kernel_initializer": {"class_name": "RandomNormal", "config": {"mean": 0.0, "stddev": 0.04, "seed": null}}, "bias_initializer": {"class_name": "Zeros", "config": {}}, "kernel_regularizer": null, "bias_regularizer": null, "activity_regularizer": null, "kernel_constraint": {"class_name": "MaxNorm", "config": {"max_value": 1.0, "axis": 0}}, "bias_constraint": null}, "inbound_nodes": [[["dense_2", 0, 0, {}]], [["dense_2", 1, 0, {}]]]}, {"name": "dense_4", "class_name": "Dense", "config": {"name": "dense_4", "trainable": true, "dtype": "float32", "units": 512, "activation": "linear", "use_bias": true, "kernel_initializer": {"class_name": "RandomNormal", "config": {"mean": 0.0, "stddev": 0.04, "seed": null}}, "bias_initializer": {"class_name": "Zeros", "config": {}}, "kernel_regularizer": null, "bias_regularizer": null, "activity_regularizer": null, "kernel_constraint": {"class_name": "MaxNorm", "config": {"max_value": 1.0, "axis": 0}}, "bias_constraint": null}, "inbound_nodes": [[["dense_3", 0, 0, {}]], [["dense_3", 1, 0, {}]]]}, {"name": "dense_5", "class_name": "Dense", "config": {"name": "dense_5", "trainable": true, "dtype": "float32", "units": 512, "activation": "linear", "use_bias": true, "kernel_initializer": {"class_name": "RandomNormal", "config": {"mean": 0.0, "stddev": 0.04, "seed": null}}, "bias_initializer": {"class_name": "Zeros", "config": {}}, "kernel_regularizer": null, "bias_regularizer": null, "activity_regularizer": null, "kernel_constraint": {"class_name": "MaxNorm", "config": {"max_value": 1.0, "axis": 0}}, "bias_constraint": null}, "inbound_nodes": [[["dense_4", 0, 0, {}]], [["dense_4", 1, 0, {}]]]}, {"name": "dense_6", "class_name": "Dense", "config": {"name": "dense_6", "trainable": true, "dtype": "float32", "units": 512, "activation": "linear", "use_bias": true, "kernel_initializer": {"class_name": "RandomNormal", "config": {"mean": 0.0, "stddev": 0.04, "seed": null}}, "bias_initializer": {"class_name": "Zeros", "config": {}}, "kernel_regularizer": null, "bias_regularizer": null, "activity_regularizer": null, "kernel_constraint": {"class_name": "MaxNorm", "config": {"max_value": 1.0, "axis": 0}}, "bias_constraint": null}, "inbound_nodes": [[["dense_5", 0, 0, {}]], [["dense_5", 1, 0, {}]]]}, {"name": "dense_7", "class_name": "Dense", "config": {"name": "dense_7", "trainable": true, "dtype": "float32", "units": 512, "activation": "linear", "use_bias": true, "kernel_initializer": {"class_name": "RandomNormal", "config": {"mean": 0.0, "stddev": 0.04, "seed": null}}, "bias_initializer": {"class_name": "Zeros", "config": {}}, "kernel_regularizer": null, "bias_regularizer": null, "activity_regularizer": null, "kernel_constraint": {"class_name": "MaxNorm", "config": {"max_value": 1.0, "axis": 0}}, "bias_constraint": null}, "inbound_nodes": [[["dense_6", 0, 0, {}]], [["dense_6", 1, 0, {}]]]}, {"name": "dense_8", "class_name": "Dense", "config": {"name": "dense_8", "trainable": true, "dtype": "float32", "units": 512, "activation": "linear", "use_bias": true, "kernel_initializer": {"class_name": "RandomNormal", "config": {"mean": 0.0, "stddev": 0.04, "seed": null}}, "bias_initializer": {"class_name": "Zeros", "config": {}}, "kernel_regularizer": null, "bias_regularizer": null, "activity_regularizer": null, "kernel_constraint": {"class_name": "MaxNorm", "config": {"max_value": 1.0, "axis": 0}}, "bias_constraint": null}, "inbound_nodes": [[["dense_7", 0, 0, {}]], [["dense_7", 1, 0, {}]]]}, {"name": "input_38", "class_name": "InputLayer", "config": {"batch_input_shape": [null, 1], "dtype": "float32", "sparse": false, "name": "input_38"}, "inbound_nodes": []}, {"name": "dense_9", "class_name": "Dense", "config": {"name": "dense_9", "trainable": true, "dtype": "float32", "units": 512, "activation": "linear", "use_bias": true, "kernel_initializer": {"class_name": "RandomNormal", "config": {"mean": 0.0, "stddev": 0.04, "seed": null}}, "bias_initializer": {"class_name": "Zeros", "config": {}}, "kernel_regularizer": null, "bias_regularizer": null, "activity_regularizer": null, "kernel_constraint": {"class_name": "MaxNorm", "config": {"max_value": 1.0, "axis": 0}}, "bias_constraint": null}, "inbound_nodes": [[["dense_8", 0, 0, {}]], [["dense_8", 1, 0, {}]]]}, {"name": "learned_const_tensor_1", "class_name": "LearnedConstTensor", "config": {"name": "learned_const_tensor_1", "trainable": true, "dtype": "float32", "shape": [4, 4, 512]}, "inbound_nodes": [[["input_38", 0, 0, {}]]]}, {"name": "mix_style_1", "class_name": "MixStyle", "config": {"step": 0, "n_inp_w": 2, "n_g_block": 4, "name": "mix_style_1", "trainable": false, "dtype": "float32"}, "inbound_nodes": [[["dense_9", 0, 0, {}], ["dense_9", 1, 0, {}]]]}, {"name": "mix_style_2", "class_name": "MixStyle", "config": {"step": 1, "n_inp_w": 2, "n_g_block": 4, "name": "mix_style_2", "trainable": false, "dtype": "float32"}, "inbound_nodes": [[["dense_9", 0, 0, {}], ["dense_9", 1, 0, {}]]]}, {"name": "mix_style_3", "class_name": "MixStyle", "config": {"step": 2, "n_inp_w": 2, "n_g_block": 4, "name": "mix_style_3", "trainable": false, "dtype": "float32"}, "inbound_nodes": [[["dense_9", 0, 0, {}], ["dense_9", 1, 0, {}]]]}, {"name": "mix_style_4", "class_name": "MixStyle", "config": {"step": 3, "n_inp_w": 2, "n_g_block": 4, "name": "mix_style_4", "trainable": false, "dtype": "float32"}, "inbound_nodes": [[["dense_9", 0, 0, {}], ["dense_9", 1, 0, {}]]]}], "input_layers": [["input_38", 0, 0], ["input_36", 0, 0], ["input_37", 0, 0]], "output_layers": [["learned_const_tensor_1", 0, 0], ["mix_style_1", 0, 0], ["mix_style_2", 0, 0], ["mix_style_3", 0, 0], ["mix_style_4", 0, 0]]}, "keras_version": "2.2.5", "backend": "tensorflow"}