{"class_name": "Sequential", "config": {"name": "sequential_4", "layers": [{"class_name": "Dense", "config": {"name": "dense_2", "trainable": true, "batch_input_shape": [null, 100], "dtype": "float32", "units": 4096, "activation": "linear", "use_bias": true, "kernel_initializer": {"class_name": "VarianceScaling", "config": {"scale": 1.0, "mode": "fan_avg", "distribution": "uniform", "seed": null}}, "bias_initializer": {"class_name": "Zeros", "config": {}}, "kernel_regularizer": null, "bias_regularizer": null, "activity_regularizer": null, "kernel_constraint": null, "bias_constraint": null}}, {"class_name": "LeakyReLU", "config": {"name": "leaky_re_lu_4", "trainable": true, "dtype": "float32", "alpha": 0.30000001192092896}}, {"class_name": "Reshape", "config": {"name": "reshape_1", "trainable": true, "dtype": "float32", "target_shape": [4, 4, 256]}}, {"class_name": "Conv2DTranspose", "config": {"name": "conv2d_transpose_1", "trainable": true, "dtype": "float32", "filters": 256, "kernel_size": [11, 11], "strides": [4, 4], "padding": "same", "data_format": "channels_last", "dilation_rate": [1, 1], "activation": "linear", "use_bias": true, "kernel_initializer": {"class_name": "VarianceScaling", "config": {"scale": 1.0, "mode": "fan_avg", "distribution": "uniform", "seed": null}}, "bias_initializer": {"class_name": "Zeros", "config": {}}, "kernel_regularizer": null, "bias_regularizer": null, "activity_regularizer": null, "kernel_constraint": null, "bias_constraint": null, "output_padding": null}}, {"class_name": "LayerNormalization", "config": {"name": "layer_normalization_1", "trainable": true, "dtype": "float32", "center": true, "scale": true, "epsilon": 9.999999999999998e-15, "gamma_initializer": {"class_name": "Ones", "config": {}}, "beta_initializer": {"class_name": "Zeros", "config": {}}, "gamma_regularizer": null, "beta_regularizer": null, "gamma_constraint": null, "beta_constraint": null}}, {"class_name": "LeakyReLU", "config": {"name": "leaky_re_lu_5", "trainable": true, "dtype": "float32", "alpha": 0.30000001192092896}}, {"class_name": "Conv2DTranspose", "config": {"name": "conv2d_transpose_2", "trainable": true, "dtype": "float32", "filters": 128, "kernel_size": [11, 11], "strides": [4, 4], "padding": "same", "data_format": "channels_last", "dilation_rate": [1, 1], "activation": "linear", "use_bias": true, "kernel_initializer": {"class_name": "VarianceScaling", "config": {"scale": 1.0, "mode": "fan_avg", "distribution": "uniform", "seed": null}}, "bias_initializer": {"class_name": "Zeros", "config": {}}, "kernel_regularizer": null, "bias_regularizer": null, "activity_regularizer": null, "kernel_constraint": null, "bias_constraint": null, "output_padding": null}}, {"class_name": "LayerNormalization", "config": {"name": "layer_normalization_2", "trainable": true, "dtype": "float32", "center": true, "scale": true, "epsilon": 9.999999999999998e-15, "gamma_initializer": {"class_name": "Ones", "config": {}}, "beta_initializer": {"class_name": "Zeros", "config": {}}, "gamma_regularizer": null, "beta_regularizer": null, "gamma_constraint": null, "beta_constraint": null}}, {"class_name": "LeakyReLU", "config": {"name": "leaky_re_lu_6", "trainable": true, "dtype": "float32", "alpha": 0.30000001192092896}}, {"class_name": "Conv2DTranspose", "config": {"name": "conv2d_transpose_3", "trainable": true, "dtype": "float32", "filters": 64, "kernel_size": [11, 11], "strides": [4, 4], "padding": "same", "data_format": "channels_last", "dilation_rate": [1, 1], "activation": "linear", "use_bias": true, "kernel_initializer": {"class_name": "VarianceScaling", "config": {"scale": 1.0, "mode": "fan_avg", "distribution": "uniform", "seed": null}}, "bias_initializer": {"class_name": "Zeros", "config": {}}, "kernel_regularizer": null, "bias_regularizer": null, "activity_regularizer": null, "kernel_constraint": null, "bias_constraint": null, "output_padding": null}}, {"class_name": "LayerNormalization", "config": {"name": "layer_normalization_3", "trainable": true, "dtype": "float32", "center": true, "scale": true, "epsilon": 9.999999999999998e-15, "gamma_initializer": {"class_name": "Ones", "config": {}}, "beta_initializer": {"class_name": "Zeros", "config": {}}, "gamma_regularizer": null, "beta_regularizer": null, "gamma_constraint": null, "beta_constraint": null}}, {"class_name": "LeakyReLU", "config": {"name": "leaky_re_lu_7", "trainable": true, "dtype": "float32", "alpha": 0.30000001192092896}}, {"class_name": "Conv2DTranspose", "config": {"name": "conv2d_transpose_4", "trainable": true, "dtype": "float32", "filters": 3, "kernel_size": [11, 11], "strides": [1, 1], "padding": "same", "data_format": "channels_last", "dilation_rate": [1, 1], "activation": "tanh", "use_bias": true, "kernel_initializer": {"class_name": "VarianceScaling", "config": {"scale": 1.0, "mode": "fan_avg", "distribution": "uniform", "seed": null}}, "bias_initializer": {"class_name": "Zeros", "config": {}}, "kernel_regularizer": null, "bias_regularizer": null, "activity_regularizer": null, "kernel_constraint": null, "bias_constraint": null, "output_padding": null}}]}, "keras_version": "2.2.5", "backend": "tensorflow"}