{"class_name": "Model", "config": {"name": "model_44", "layers": [{"name": "input_29", "class_name": "InputLayer", "config": {"batch_input_shape": [null, 4, 4, 256], "dtype": "float32", "sparse": false, "name": "input_29"}, "inbound_nodes": []}, {"name": "apply_noise_37", "class_name": "ApplyNoise", "config": {"name": "apply_noise_37", "trainable": false, "dtype": "float32", "noise_generating_rule": "loaded_from_outer_model", "fils": 256, "noise_func": "random_uniform", "noise_args": [], "noise_keywords": {"minval": -1.0, "maxval": 1.0}}, "inbound_nodes": [[["input_29", 0, 0, {}]]]}, {"name": "input_30", "class_name": "InputLayer", "config": {"batch_input_shape": [null, 512], "dtype": "float32", "sparse": false, "name": "input_30"}, "inbound_nodes": []}, {"name": "ada_in_37", "class_name": "AdaIN", "config": {"name": "ada_in_37", "trainable": false, "dtype": "float32", "input_dim": 512, "units": 256, "axis": -1, "momentum": 0.99, "epsilon": 1e-07, "center": true, "scale": true}, "inbound_nodes": [[["apply_noise_37", 0, 0, {}], ["input_30", 0, 0, {}]]]}, {"name": "leaky_re_lu_78", "class_name": "LeakyReLU", "config": {"name": "leaky_re_lu_78", "trainable": false, "dtype": "float32", "alpha": 0.10000000149011612}, "inbound_nodes": [[["ada_in_37", 0, 0, {}]]]}, {"name": "conv2d_67", "class_name": "Conv2D", "config": {"name": "conv2d_67", "trainable": false, "dtype": "float32", "filters": 256, "kernel_size": [3, 3], "strides": [1, 1], "padding": "same", "data_format": "channels_last", "dilation_rate": [1, 1], "activation": "linear", "use_bias": true, "kernel_initializer": {"class_name": "VarianceScaling", "config": {"scale": 2.0, "mode": "fan_in", "distribution": "normal", "seed": null}}, "bias_initializer": {"class_name": "Zeros", "config": {}}, "kernel_regularizer": null, "bias_regularizer": null, "activity_regularizer": null, "kernel_constraint": null, "bias_constraint": null}, "inbound_nodes": [[["leaky_re_lu_78", 0, 0, {}]]]}, {"name": "apply_noise_38", "class_name": "ApplyNoise", "config": {"name": "apply_noise_38", "trainable": false, "dtype": "float32", "noise_generating_rule": "loaded_from_outer_model", "fils": 256, "noise_func": "random_uniform", "noise_args": [], "noise_keywords": {"minval": -1.0, "maxval": 1.0}}, "inbound_nodes": [[["conv2d_67", 0, 0, {}]]]}, {"name": "ada_in_38", "class_name": "AdaIN", "config": {"name": "ada_in_38", "trainable": false, "dtype": "float32", "input_dim": 512, "units": 256, "axis": -1, "momentum": 0.99, "epsilon": 1e-07, "center": true, "scale": true}, "inbound_nodes": [[["apply_noise_38", 0, 0, {}], ["input_30", 0, 0, {}]]]}, {"name": "leaky_re_lu_79", "class_name": "LeakyReLU", "config": {"name": "leaky_re_lu_79", "trainable": false, "dtype": "float32", "alpha": 0.10000000149011612}, "inbound_nodes": [[["ada_in_38", 0, 0, {}]]]}, {"name": "up_sampling2d_19", "class_name": "UpSampling2D", "config": {"name": "up_sampling2d_19", "trainable": false, "dtype": "float32", "size": [2, 2], "data_format": "channels_last", "interpolation": "bilinear"}, "inbound_nodes": [[["leaky_re_lu_79", 0, 0, {}]]]}, {"name": "conv2d_68", "class_name": "Conv2D", "config": {"name": "conv2d_68", "trainable": false, "dtype": "float32", "filters": 200, "kernel_size": [3, 3], "strides": [1, 1], "padding": "same", "data_format": "channels_last", "dilation_rate": [1, 1], "activation": "linear", "use_bias": true, "kernel_initializer": {"class_name": "VarianceScaling", "config": {"scale": 2.0, "mode": "fan_in", "distribution": "normal", "seed": null}}, "bias_initializer": {"class_name": "Zeros", "config": {}}, "kernel_regularizer": null, "bias_regularizer": null, "activity_regularizer": null, "kernel_constraint": null, "bias_constraint": null}, "inbound_nodes": [[["up_sampling2d_19", 0, 0, {}]]]}, {"name": "apply_noise_39", "class_name": "ApplyNoise", "config": {"name": "apply_noise_39", "trainable": false, "dtype": "float32", "noise_generating_rule": "loaded_from_outer_model", "fils": 200, "noise_func": "random_uniform", "noise_args": [], "noise_keywords": {"minval": -1.0, "maxval": 1.0}}, "inbound_nodes": [[["conv2d_68", 0, 0, {}]]]}, {"name": "ada_in_39", "class_name": "AdaIN", "config": {"name": "ada_in_39", "trainable": false, "dtype": "float32", "input_dim": 512, "units": 200, "axis": -1, "momentum": 0.99, "epsilon": 1e-07, "center": true, "scale": true}, "inbound_nodes": [[["apply_noise_39", 0, 0, {}], ["input_30", 0, 0, {}]]]}, {"name": "leaky_re_lu_80", "class_name": "LeakyReLU", "config": {"name": "leaky_re_lu_80", "trainable": false, "dtype": "float32", "alpha": 0.009999999776482582}, "inbound_nodes": [[["ada_in_39", 0, 0, {}]]]}, {"name": "conv2d_69", "class_name": "Conv2D", "config": {"name": "conv2d_69", "trainable": false, "dtype": "float32", "filters": 200, "kernel_size": [3, 3], "strides": [1, 1], "padding": "same", "data_format": "channels_last", "dilation_rate": [1, 1], "activation": "linear", "use_bias": true, "kernel_initializer": {"class_name": "VarianceScaling", "config": {"scale": 2.0, "mode": "fan_in", "distribution": "normal", "seed": null}}, "bias_initializer": {"class_name": "Zeros", "config": {}}, "kernel_regularizer": null, "bias_regularizer": null, "activity_regularizer": null, "kernel_constraint": null, "bias_constraint": null}, "inbound_nodes": [[["leaky_re_lu_80", 0, 0, {}]]]}, {"name": "apply_noise_40", "class_name": "ApplyNoise", "config": {"name": "apply_noise_40", "trainable": false, "dtype": "float32", "noise_generating_rule": "loaded_from_outer_model", "fils": 200, "noise_func": "random_uniform", "noise_args": [], "noise_keywords": {"minval": -1.0, "maxval": 1.0}}, "inbound_nodes": [[["conv2d_69", 0, 0, {}]]]}, {"name": "ada_in_40", "class_name": "AdaIN", "config": {"name": "ada_in_40", "trainable": false, "dtype": "float32", "input_dim": 512, "units": 200, "axis": -1, "momentum": 0.99, "epsilon": 1e-07, "center": true, "scale": true}, "inbound_nodes": [[["apply_noise_40", 0, 0, {}], ["input_30", 0, 0, {}]]]}, {"name": "leaky_re_lu_81", "class_name": "LeakyReLU", "config": {"name": "leaky_re_lu_81", "trainable": false, "dtype": "float32", "alpha": 0.009999999776482582}, "inbound_nodes": [[["ada_in_40", 0, 0, {}]]]}, {"name": "up_sampling2d_20", "class_name": "UpSampling2D", "config": {"name": "up_sampling2d_20", "trainable": false, "dtype": "float32", "size": [2, 2], "data_format": "channels_last", "interpolation": "bilinear"}, "inbound_nodes": [[["leaky_re_lu_81", 0, 0, {}]]]}, {"name": "conv2d_70", "class_name": "Conv2D", "config": {"name": "conv2d_70", "trainable": false, "dtype": "float32", "filters": 128, "kernel_size": [3, 3], "strides": [1, 1], "padding": "same", "data_format": "channels_last", "dilation_rate": [1, 1], "activation": "linear", "use_bias": true, "kernel_initializer": {"class_name": "VarianceScaling", "config": {"scale": 2.0, "mode": "fan_in", "distribution": "normal", "seed": null}}, "bias_initializer": {"class_name": "Zeros", "config": {}}, "kernel_regularizer": null, "bias_regularizer": null, "activity_regularizer": null, "kernel_constraint": null, "bias_constraint": null}, "inbound_nodes": [[["up_sampling2d_20", 0, 0, {}]]]}, {"name": "apply_noise_41", "class_name": "ApplyNoise", "config": {"name": "apply_noise_41", "trainable": false, "dtype": "float32", "noise_generating_rule": "loaded_from_outer_model", "fils": 128, "noise_func": "random_uniform", "noise_args": [], "noise_keywords": {"minval": -1.0, "maxval": 1.0}}, "inbound_nodes": [[["conv2d_70", 0, 0, {}]]]}, {"name": "ada_in_41", "class_name": "AdaIN", "config": {"name": "ada_in_41", "trainable": false, "dtype": "float32", "input_dim": 512, "units": 128, "axis": -1, "momentum": 0.99, "epsilon": 1e-07, "center": true, "scale": true}, "inbound_nodes": [[["apply_noise_41", 0, 0, {}], ["input_30", 0, 0, {}]]]}, {"name": "leaky_re_lu_82", "class_name": "LeakyReLU", "config": {"name": "leaky_re_lu_82", "trainable": false, "dtype": "float32", "alpha": 0.009999999776482582}, "inbound_nodes": [[["ada_in_41", 0, 0, {}]]]}, {"name": "conv2d_71", "class_name": "Conv2D", "config": {"name": "conv2d_71", "trainable": false, "dtype": "float32", "filters": 128, "kernel_size": [3, 3], "strides": [1, 1], "padding": "same", "data_format": "channels_last", "dilation_rate": [1, 1], "activation": "linear", "use_bias": true, "kernel_initializer": {"class_name": "VarianceScaling", "config": {"scale": 2.0, "mode": "fan_in", "distribution": "normal", "seed": null}}, "bias_initializer": {"class_name": "Zeros", "config": {}}, "kernel_regularizer": null, "bias_regularizer": null, "activity_regularizer": null, "kernel_constraint": null, "bias_constraint": null}, "inbound_nodes": [[["leaky_re_lu_82", 0, 0, {}]]]}, {"name": "apply_noise_42", "class_name": "ApplyNoise", "config": {"name": "apply_noise_42", "trainable": false, "dtype": "float32", "noise_generating_rule": "loaded_from_outer_model", "fils": 128, "noise_func": "random_uniform", "noise_args": [], "noise_keywords": {"minval": -1.0, "maxval": 1.0}}, "inbound_nodes": [[["conv2d_71", 0, 0, {}]]]}, {"name": "ada_in_42", "class_name": "AdaIN", "config": {"name": "ada_in_42", "trainable": false, "dtype": "float32", "input_dim": 512, "units": 128, "axis": -1, "momentum": 0.99, "epsilon": 1e-07, "center": true, "scale": true}, "inbound_nodes": [[["apply_noise_42", 0, 0, {}], ["input_30", 0, 0, {}]]]}, {"name": "leaky_re_lu_83", "class_name": "LeakyReLU", "config": {"name": "leaky_re_lu_83", "trainable": false, "dtype": "float32", "alpha": 0.009999999776482582}, "inbound_nodes": [[["ada_in_42", 0, 0, {}]]]}, {"name": "up_sampling2d_21", "class_name": "UpSampling2D", "config": {"name": "up_sampling2d_21", "trainable": false, "dtype": "float32", "size": [2, 2], "data_format": "channels_last", "interpolation": "bilinear"}, "inbound_nodes": [[["leaky_re_lu_83", 0, 0, {}]]]}, {"name": "conv2d_72", "class_name": "Conv2D", "config": {"name": "conv2d_72", "trainable": false, "dtype": "float32", "filters": 100, "kernel_size": [3, 3], "strides": [1, 1], "padding": "same", "data_format": "channels_last", "dilation_rate": [1, 1], "activation": "linear", "use_bias": true, "kernel_initializer": {"class_name": "VarianceScaling", "config": {"scale": 2.0, "mode": "fan_in", "distribution": "normal", "seed": null}}, "bias_initializer": {"class_name": "Zeros", "config": {}}, "kernel_regularizer": null, "bias_regularizer": null, "activity_regularizer": null, "kernel_constraint": null, "bias_constraint": null}, "inbound_nodes": [[["up_sampling2d_21", 0, 0, {}]]]}, {"name": "apply_noise_43", "class_name": "ApplyNoise", "config": {"name": "apply_noise_43", "trainable": false, "dtype": "float32", "noise_generating_rule": "loaded_from_outer_model", "fils": 100, "noise_func": "random_uniform", "noise_args": [], "noise_keywords": {"minval": -1.0, "maxval": 1.0}}, "inbound_nodes": [[["conv2d_72", 0, 0, {}]]]}, {"name": "ada_in_43", "class_name": "AdaIN", "config": {"name": "ada_in_43", "trainable": false, "dtype": "float32", "input_dim": 512, "units": 100, "axis": -1, "momentum": 0.99, "epsilon": 1e-07, "center": true, "scale": true}, "inbound_nodes": [[["apply_noise_43", 0, 0, {}], ["input_30", 0, 0, {}]]]}, {"name": "leaky_re_lu_84", "class_name": "LeakyReLU", "config": {"name": "leaky_re_lu_84", "trainable": false, "dtype": "float32", "alpha": 0.009999999776482582}, "inbound_nodes": [[["ada_in_43", 0, 0, {}]]]}, {"name": "conv2d_73", "class_name": "Conv2D", "config": {"name": "conv2d_73", "trainable": false, "dtype": "float32", "filters": 100, "kernel_size": [3, 3], "strides": [1, 1], "padding": "same", "data_format": "channels_last", "dilation_rate": [1, 1], "activation": "linear", "use_bias": true, "kernel_initializer": {"class_name": "VarianceScaling", "config": {"scale": 2.0, "mode": "fan_in", "distribution": "normal", "seed": null}}, "bias_initializer": {"class_name": "Zeros", "config": {}}, "kernel_regularizer": null, "bias_regularizer": null, "activity_regularizer": null, "kernel_constraint": null, "bias_constraint": null}, "inbound_nodes": [[["leaky_re_lu_84", 0, 0, {}]]]}, {"name": "apply_noise_44", "class_name": "ApplyNoise", "config": {"name": "apply_noise_44", "trainable": false, "dtype": "float32", "noise_generating_rule": "loaded_from_outer_model", "fils": 100, "noise_func": "random_uniform", "noise_args": [], "noise_keywords": {"minval": -1.0, "maxval": 1.0}}, "inbound_nodes": [[["conv2d_73", 0, 0, {}]]]}, {"name": "ada_in_44", "class_name": "AdaIN", "config": {"name": "ada_in_44", "trainable": false, "dtype": "float32", "input_dim": 512, "units": 100, "axis": -1, "momentum": 0.99, "epsilon": 1e-07, "center": true, "scale": true}, "inbound_nodes": [[["apply_noise_44", 0, 0, {}], ["input_30", 0, 0, {}]]]}, {"name": "leaky_re_lu_85", "class_name": "LeakyReLU", "config": {"name": "leaky_re_lu_85", "trainable": false, "dtype": "float32", "alpha": 0.009999999776482582}, "inbound_nodes": [[["ada_in_44", 0, 0, {}]]]}, {"name": "up_sampling2d_22", "class_name": "UpSampling2D", "config": {"name": "up_sampling2d_22", "trainable": false, "dtype": "float32", "size": [2, 2], "data_format": "channels_last", "interpolation": "bilinear"}, "inbound_nodes": [[["leaky_re_lu_85", 0, 0, {}]]]}, {"name": "conv2d_74", "class_name": "Conv2D", "config": {"name": "conv2d_74", "trainable": false, "dtype": "float32", "filters": 64, "kernel_size": [3, 3], "strides": [1, 1], "padding": "same", "data_format": "channels_last", "dilation_rate": [1, 1], "activation": "linear", "use_bias": true, "kernel_initializer": {"class_name": "VarianceScaling", "config": {"scale": 2.0, "mode": "fan_in", "distribution": "normal", "seed": null}}, "bias_initializer": {"class_name": "Zeros", "config": {}}, "kernel_regularizer": null, "bias_regularizer": null, "activity_regularizer": null, "kernel_constraint": null, "bias_constraint": null}, "inbound_nodes": [[["up_sampling2d_22", 0, 0, {}]]]}, {"name": "apply_noise_45", "class_name": "ApplyNoise", "config": {"name": "apply_noise_45", "trainable": false, "dtype": "float32", "noise_generating_rule": "loaded_from_outer_model", "fils": 64, "noise_func": "random_uniform", "noise_args": [], "noise_keywords": {"minval": -1.0, "maxval": 1.0}}, "inbound_nodes": [[["conv2d_74", 0, 0, {}]]]}, {"name": "ada_in_45", "class_name": "AdaIN", "config": {"name": "ada_in_45", "trainable": false, "dtype": "float32", "input_dim": 512, "units": 64, "axis": -1, "momentum": 0.99, "epsilon": 1e-07, "center": true, "scale": true}, "inbound_nodes": [[["apply_noise_45", 0, 0, {}], ["input_30", 0, 0, {}]]]}, {"name": "leaky_re_lu_86", "class_name": "LeakyReLU", "config": {"name": "leaky_re_lu_86", "trainable": false, "dtype": "float32", "alpha": 0.009999999776482582}, "inbound_nodes": [[["ada_in_45", 0, 0, {}]]]}, {"name": "conv2d_75", "class_name": "Conv2D", "config": {"name": "conv2d_75", "trainable": false, "dtype": "float32", "filters": 64, "kernel_size": [3, 3], "strides": [1, 1], "padding": "same", "data_format": "channels_last", "dilation_rate": [1, 1], "activation": "linear", "use_bias": true, "kernel_initializer": {"class_name": "VarianceScaling", "config": {"scale": 2.0, "mode": "fan_in", "distribution": "normal", "seed": null}}, "bias_initializer": {"class_name": "Zeros", "config": {}}, "kernel_regularizer": null, "bias_regularizer": null, "activity_regularizer": null, "kernel_constraint": null, "bias_constraint": null}, "inbound_nodes": [[["leaky_re_lu_86", 0, 0, {}]]]}, {"name": "apply_noise_46", "class_name": "ApplyNoise", "config": {"name": "apply_noise_46", "trainable": false, "dtype": "float32", "noise_generating_rule": "loaded_from_outer_model", "fils": 64, "noise_func": "random_uniform", "noise_args": [], "noise_keywords": {"minval": -1.0, "maxval": 1.0}}, "inbound_nodes": [[["conv2d_75", 0, 0, {}]]]}, {"name": "ada_in_46", "class_name": "AdaIN", "config": {"name": "ada_in_46", "trainable": false, "dtype": "float32", "input_dim": 512, "units": 64, "axis": -1, "momentum": 0.99, "epsilon": 1e-07, "center": true, "scale": true}, "inbound_nodes": [[["apply_noise_46", 0, 0, {}], ["input_30", 0, 0, {}]]]}, {"name": "leaky_re_lu_87", "class_name": "LeakyReLU", "config": {"name": "leaky_re_lu_87", "trainable": false, "dtype": "float32", "alpha": 0.009999999776482582}, "inbound_nodes": [[["ada_in_46", 0, 0, {}]]]}, {"name": "up_sampling2d_23", "class_name": "UpSampling2D", "config": {"name": "up_sampling2d_23", "trainable": false, "dtype": "float32", "size": [2, 2], "data_format": "channels_last", "interpolation": "bilinear"}, "inbound_nodes": [[["leaky_re_lu_87", 0, 0, {}]]]}, {"name": "conv2d_76", "class_name": "Conv2D", "config": {"name": "conv2d_76", "trainable": false, "dtype": "float32", "filters": 32, "kernel_size": [3, 3], "strides": [1, 1], "padding": "same", "data_format": "channels_last", "dilation_rate": [1, 1], "activation": "linear", "use_bias": true, "kernel_initializer": {"class_name": "VarianceScaling", "config": {"scale": 2.0, "mode": "fan_in", "distribution": "normal", "seed": null}}, "bias_initializer": {"class_name": "Zeros", "config": {}}, "kernel_regularizer": null, "bias_regularizer": null, "activity_regularizer": null, "kernel_constraint": null, "bias_constraint": null}, "inbound_nodes": [[["up_sampling2d_23", 0, 0, {}]]]}, {"name": "apply_noise_47", "class_name": "ApplyNoise", "config": {"name": "apply_noise_47", "trainable": false, "dtype": "float32", "noise_generating_rule": "loaded_from_outer_model", "fils": 32, "noise_func": "random_uniform", "noise_args": [], "noise_keywords": {"minval": -1.0, "maxval": 1.0}}, "inbound_nodes": [[["conv2d_76", 0, 0, {}]]]}, {"name": "ada_in_47", "class_name": "AdaIN", "config": {"name": "ada_in_47", "trainable": false, "dtype": "float32", "input_dim": 512, "units": 32, "axis": -1, "momentum": 0.99, "epsilon": 1e-07, "center": true, "scale": true}, "inbound_nodes": [[["apply_noise_47", 0, 0, {}], ["input_30", 0, 0, {}]]]}, {"name": "leaky_re_lu_88", "class_name": "LeakyReLU", "config": {"name": "leaky_re_lu_88", "trainable": false, "dtype": "float32", "alpha": 0.009999999776482582}, "inbound_nodes": [[["ada_in_47", 0, 0, {}]]]}, {"name": "conv2d_77", "class_name": "Conv2D", "config": {"name": "conv2d_77", "trainable": false, "dtype": "float32", "filters": 32, "kernel_size": [3, 3], "strides": [1, 1], "padding": "same", "data_format": "channels_last", "dilation_rate": [1, 1], "activation": "linear", "use_bias": true, "kernel_initializer": {"class_name": "VarianceScaling", "config": {"scale": 2.0, "mode": "fan_in", "distribution": "normal", "seed": null}}, "bias_initializer": {"class_name": "Zeros", "config": {}}, "kernel_regularizer": null, "bias_regularizer": null, "activity_regularizer": null, "kernel_constraint": null, "bias_constraint": null}, "inbound_nodes": [[["leaky_re_lu_88", 0, 0, {}]]]}, {"name": "apply_noise_48", "class_name": "ApplyNoise", "config": {"name": "apply_noise_48", "trainable": false, "dtype": "float32", "noise_generating_rule": "loaded_from_outer_model", "fils": 32, "noise_func": "random_uniform", "noise_args": [], "noise_keywords": {"minval": -1.0, "maxval": 1.0}}, "inbound_nodes": [[["conv2d_77", 0, 0, {}]]]}, {"name": "ada_in_48", "class_name": "AdaIN", "config": {"name": "ada_in_48", "trainable": false, "dtype": "float32", "input_dim": 512, "units": 32, "axis": -1, "momentum": 0.99, "epsilon": 1e-07, "center": true, "scale": true}, "inbound_nodes": [[["apply_noise_48", 0, 0, {}], ["input_30", 0, 0, {}]]]}, {"name": "leaky_re_lu_89", "class_name": "LeakyReLU", "config": {"name": "leaky_re_lu_89", "trainable": false, "dtype": "float32", "alpha": 0.009999999776482582}, "inbound_nodes": [[["ada_in_48", 0, 0, {}]]]}, {"name": "up_sampling2d_24", "class_name": "UpSampling2D", "config": {"name": "up_sampling2d_24", "trainable": false, "dtype": "float32", "size": [2, 2], "data_format": "channels_last", "interpolation": "bilinear"}, "inbound_nodes": [[["leaky_re_lu_89", 0, 0, {}]]]}, {"name": "conv2d_78", "class_name": "Conv2D", "config": {"name": "conv2d_78", "trainable": false, "dtype": "float32", "filters": 16, "kernel_size": [3, 3], "strides": [1, 1], "padding": "same", "data_format": "channels_last", "dilation_rate": [1, 1], "activation": "linear", "use_bias": true, "kernel_initializer": {"class_name": "VarianceScaling", "config": {"scale": 2.0, "mode": "fan_in", "distribution": "normal", "seed": null}}, "bias_initializer": {"class_name": "Zeros", "config": {}}, "kernel_regularizer": null, "bias_regularizer": null, "activity_regularizer": null, "kernel_constraint": null, "bias_constraint": null}, "inbound_nodes": [[["up_sampling2d_24", 0, 0, {}]]]}, {"name": "conv2d_79", "class_name": "Conv2D", "config": {"name": "conv2d_79", "trainable": false, "dtype": "float32", "filters": 3, "kernel_size": [1, 1], "strides": [1, 1], "padding": "same", "data_format": "channels_last", "dilation_rate": [1, 1], "activation": "linear", "use_bias": true, "kernel_initializer": {"class_name": "VarianceScaling", "config": {"scale": 2.0, "mode": "fan_in", "distribution": "normal", "seed": null}}, "bias_initializer": {"class_name": "Zeros", "config": {}}, "kernel_regularizer": null, "bias_regularizer": null, "activity_regularizer": null, "kernel_constraint": null, "bias_constraint": null}, "inbound_nodes": [[["conv2d_78", 0, 0, {}]]]}, {"name": "activation_10", "class_name": "Activation", "config": {"name": "activation_10", "trainable": false, "dtype": "float32", "activation": "tanh"}, "inbound_nodes": [[["conv2d_79", 0, 0, {}]]]}], "input_layers": [["input_29", 0, 0], ["input_30", 0, 0]], "output_layers": [["activation_10", 0, 0]]}, "keras_version": "2.2.5", "backend": "tensorflow"}