{"class_name": "Model", "config": {"name": "model_43", "layers": [{"name": "input_28", "class_name": "InputLayer", "config": {"batch_input_shape": [null, 512], "dtype": "float32", "sparse": false, "name": "input_28"}, "inbound_nodes": []}, {"name": "normalize_4", "class_name": "Normalize", "config": {"name": "normalize_4", "trainable": false, "dtype": "float32"}, "inbound_nodes": [[["input_28", 0, 0, {}]]]}, {"name": "dense_19", "class_name": "Dense", "config": {"name": "dense_19", "trainable": false, "dtype": "float32", "units": 512, "activation": "linear", "use_bias": true, "kernel_initializer": {"class_name": "VarianceScaling", "config": {"scale": 2.0, "mode": "fan_in", "distribution": "normal", "seed": null}}, "bias_initializer": {"class_name": "Zeros", "config": {}}, "kernel_regularizer": null, "bias_regularizer": null, "activity_regularizer": null, "kernel_constraint": null, "bias_constraint": null}, "inbound_nodes": [[["normalize_4", 0, 0, {}]]]}, {"name": "dense_20", "class_name": "Dense", "config": {"name": "dense_20", "trainable": false, "dtype": "float32", "units": 512, "activation": "linear", "use_bias": true, "kernel_initializer": {"class_name": "VarianceScaling", "config": {"scale": 2.0, "mode": "fan_in", "distribution": "normal", "seed": null}}, "bias_initializer": {"class_name": "Zeros", "config": {}}, "kernel_regularizer": null, "bias_regularizer": null, "activity_regularizer": null, "kernel_constraint": null, "bias_constraint": null}, "inbound_nodes": [[["dense_19", 0, 0, {}]]]}, {"name": "leaky_re_lu_73", "class_name": "LeakyReLU", "config": {"name": "leaky_re_lu_73", "trainable": false, "dtype": "float32", "alpha": 0.10000000149011612}, "inbound_nodes": [[["dense_20", 0, 0, {}]]]}, {"name": "dense_21", "class_name": "Dense", "config": {"name": "dense_21", "trainable": false, "dtype": "float32", "units": 512, "activation": "linear", "use_bias": true, "kernel_initializer": {"class_name": "VarianceScaling", "config": {"scale": 2.0, "mode": "fan_in", "distribution": "normal", "seed": null}}, "bias_initializer": {"class_name": "Zeros", "config": {}}, "kernel_regularizer": null, "bias_regularizer": null, "activity_regularizer": null, "kernel_constraint": null, "bias_constraint": null}, "inbound_nodes": [[["leaky_re_lu_73", 0, 0, {}]]]}, {"name": "leaky_re_lu_74", "class_name": "LeakyReLU", "config": {"name": "leaky_re_lu_74", "trainable": false, "dtype": "float32", "alpha": 0.10000000149011612}, "inbound_nodes": [[["dense_21", 0, 0, {}]]]}, {"name": "dense_22", "class_name": "Dense", "config": {"name": "dense_22", "trainable": false, "dtype": "float32", "units": 512, "activation": "linear", "use_bias": true, "kernel_initializer": {"class_name": "VarianceScaling", "config": {"scale": 2.0, "mode": "fan_in", "distribution": "normal", "seed": null}}, "bias_initializer": {"class_name": "Zeros", "config": {}}, "kernel_regularizer": null, "bias_regularizer": null, "activity_regularizer": null, "kernel_constraint": null, "bias_constraint": null}, "inbound_nodes": [[["leaky_re_lu_74", 0, 0, {}]]]}, {"name": "leaky_re_lu_75", "class_name": "LeakyReLU", "config": {"name": "leaky_re_lu_75", "trainable": false, "dtype": "float32", "alpha": 0.10000000149011612}, "inbound_nodes": [[["dense_22", 0, 0, {}]]]}, {"name": "dense_23", "class_name": "Dense", "config": {"name": "dense_23", "trainable": false, "dtype": "float32", "units": 512, "activation": "linear", "use_bias": true, "kernel_initializer": {"class_name": "VarianceScaling", "config": {"scale": 2.0, "mode": "fan_in", "distribution": "normal", "seed": null}}, "bias_initializer": {"class_name": "Zeros", "config": {}}, "kernel_regularizer": null, "bias_regularizer": null, "activity_regularizer": null, "kernel_constraint": null, "bias_constraint": null}, "inbound_nodes": [[["leaky_re_lu_75", 0, 0, {}]]]}, {"name": "leaky_re_lu_76", "class_name": "LeakyReLU", "config": {"name": "leaky_re_lu_76", "trainable": false, "dtype": "float32", "alpha": 0.10000000149011612}, "inbound_nodes": [[["dense_23", 0, 0, {}]]]}, {"name": "dense_24", "class_name": "Dense", "config": {"name": "dense_24", "trainable": false, "dtype": "float32", "units": 512, "activation": "linear", "use_bias": true, "kernel_initializer": {"class_name": "VarianceScaling", "config": {"scale": 2.0, "mode": "fan_in", "distribution": "normal", "seed": null}}, "bias_initializer": {"class_name": "Zeros", "config": {}}, "kernel_regularizer": null, "bias_regularizer": null, "activity_regularizer": null, "kernel_constraint": null, "bias_constraint": null}, "inbound_nodes": [[["leaky_re_lu_76", 0, 0, {}]]]}, {"name": "leaky_re_lu_77", "class_name": "LeakyReLU", "config": {"name": "leaky_re_lu_77", "trainable": false, "dtype": "float32", "alpha": 0.10000000149011612}, "inbound_nodes": [[["dense_24", 0, 0, {}]]]}], "input_layers": [["input_28", 0, 0]], "output_layers": [["leaky_re_lu_77", 0, 0]]}, "keras_version": "2.2.5", "backend": "tensorflow"}