{"class_name": "Model", "config": {"name": "model_45", "layers": [{"name": "input_31", "class_name": "InputLayer", "config": {"batch_input_shape": [null, 256, 256, 3], "dtype": "float32", "sparse": false, "name": "input_31"}, "inbound_nodes": []}, {"name": "conv2d_80", "class_name": "Conv2D", "config": {"name": "conv2d_80", "trainable": true, "dtype": "float32", "filters": 32, "kernel_size": [3, 3], "strides": [1, 1], "padding": "same", "data_format": "channels_last", "dilation_rate": [1, 1], "activation": "linear", "use_bias": true, "kernel_initializer": {"class_name": "VarianceScaling", "config": {"scale": 2.0, "mode": "fan_in", "distribution": "normal", "seed": null}}, "bias_initializer": {"class_name": "Zeros", "config": {}}, "kernel_regularizer": null, "bias_regularizer": null, "activity_regularizer": null, "kernel_constraint": null, "bias_constraint": null}, "inbound_nodes": [[["input_31", 0, 0, {}]]]}, {"name": "leaky_re_lu_90", "class_name": "LeakyReLU", "config": {"name": "leaky_re_lu_90", "trainable": true, "dtype": "float32", "alpha": 0.009999999776482582}, "inbound_nodes": [[["conv2d_80", 0, 0, {}]]]}, {"name": "conv2d_81", "class_name": "Conv2D", "config": {"name": "conv2d_81", "trainable": true, "dtype": "float32", "filters": 32, "kernel_size": [3, 3], "strides": [1, 1], "padding": "same", "data_format": "channels_last", "dilation_rate": [1, 1], "activation": "linear", "use_bias": true, "kernel_initializer": {"class_name": "VarianceScaling", "config": {"scale": 2.0, "mode": "fan_in", "distribution": "normal", "seed": null}}, "bias_initializer": {"class_name": "Zeros", "config": {}}, "kernel_regularizer": null, "bias_regularizer": null, "activity_regularizer": null, "kernel_constraint": null, "bias_constraint": null}, "inbound_nodes": [[["leaky_re_lu_90", 0, 0, {}]]]}, {"name": "leaky_re_lu_91", "class_name": "LeakyReLU", "config": {"name": "leaky_re_lu_91", "trainable": true, "dtype": "float32", "alpha": 0.10000000149011612}, "inbound_nodes": [[["conv2d_81", 0, 0, {}]]]}, {"name": "average_pooling2d_13", "class_name": "AveragePooling2D", "config": {"name": "average_pooling2d_13", "trainable": true, "dtype": "float32", "pool_size": [2, 2], "padding": "valid", "strides": [2, 2], "data_format": "channels_last"}, "inbound_nodes": [[["leaky_re_lu_91", 0, 0, {}]]]}, {"name": "conv2d_82", "class_name": "Conv2D", "config": {"name": "conv2d_82", "trainable": true, "dtype": "float32", "filters": 32, "kernel_size": [3, 3], "strides": [1, 1], "padding": "same", "data_format": "channels_last", "dilation_rate": [1, 1], "activation": "linear", "use_bias": true, "kernel_initializer": {"class_name": "VarianceScaling", "config": {"scale": 2.0, "mode": "fan_in", "distribution": "normal", "seed": null}}, "bias_initializer": {"class_name": "Zeros", "config": {}}, "kernel_regularizer": null, "bias_regularizer": null, "activity_regularizer": null, "kernel_constraint": null, "bias_constraint": null}, "inbound_nodes": [[["average_pooling2d_13", 0, 0, {}]]]}, {"name": "leaky_re_lu_92", "class_name": "LeakyReLU", "config": {"name": "leaky_re_lu_92", "trainable": true, "dtype": "float32", "alpha": 0.10000000149011612}, "inbound_nodes": [[["conv2d_82", 0, 0, {}]]]}, {"name": "conv2d_83", "class_name": "Conv2D", "config": {"name": "conv2d_83", "trainable": true, "dtype": "float32", "filters": 64, "kernel_size": [3, 3], "strides": [1, 1], "padding": "same", "data_format": "channels_last", "dilation_rate": [1, 1], "activation": "linear", "use_bias": true, "kernel_initializer": {"class_name": "VarianceScaling", "config": {"scale": 2.0, "mode": "fan_in", "distribution": "normal", "seed": null}}, "bias_initializer": {"class_name": "Zeros", "config": {}}, "kernel_regularizer": null, "bias_regularizer": null, "activity_regularizer": null, "kernel_constraint": null, "bias_constraint": null}, "inbound_nodes": [[["leaky_re_lu_92", 0, 0, {}]]]}, {"name": "leaky_re_lu_93", "class_name": "LeakyReLU", "config": {"name": "leaky_re_lu_93", "trainable": true, "dtype": "float32", "alpha": 0.10000000149011612}, "inbound_nodes": [[["conv2d_83", 0, 0, {}]]]}, {"name": "average_pooling2d_14", "class_name": "AveragePooling2D", "config": {"name": "average_pooling2d_14", "trainable": true, "dtype": "float32", "pool_size": [2, 2], "padding": "valid", "strides": [2, 2], "data_format": "channels_last"}, "inbound_nodes": [[["leaky_re_lu_93", 0, 0, {}]]]}, {"name": "conv2d_84", "class_name": "Conv2D", "config": {"name": "conv2d_84", "trainable": true, "dtype": "float32", "filters": 64, "kernel_size": [3, 3], "strides": [1, 1], "padding": "same", "data_format": "channels_last", "dilation_rate": [1, 1], "activation": "linear", "use_bias": true, "kernel_initializer": {"class_name": "VarianceScaling", "config": {"scale": 2.0, "mode": "fan_in", "distribution": "normal", "seed": null}}, "bias_initializer": {"class_name": "Zeros", "config": {}}, "kernel_regularizer": null, "bias_regularizer": null, "activity_regularizer": null, "kernel_constraint": null, "bias_constraint": null}, "inbound_nodes": [[["average_pooling2d_14", 0, 0, {}]]]}, {"name": "leaky_re_lu_94", "class_name": "LeakyReLU", "config": {"name": "leaky_re_lu_94", "trainable": true, "dtype": "float32", "alpha": 0.10000000149011612}, "inbound_nodes": [[["conv2d_84", 0, 0, {}]]]}, {"name": "conv2d_85", "class_name": "Conv2D", "config": {"name": "conv2d_85", "trainable": true, "dtype": "float32", "filters": 128, "kernel_size": [3, 3], "strides": [1, 1], "padding": "same", "data_format": "channels_last", "dilation_rate": [1, 1], "activation": "linear", "use_bias": true, "kernel_initializer": {"class_name": "VarianceScaling", "config": {"scale": 2.0, "mode": "fan_in", "distribution": "normal", "seed": null}}, "bias_initializer": {"class_name": "Zeros", "config": {}}, "kernel_regularizer": null, "bias_regularizer": null, "activity_regularizer": null, "kernel_constraint": null, "bias_constraint": null}, "inbound_nodes": [[["leaky_re_lu_94", 0, 0, {}]]]}, {"name": "leaky_re_lu_95", "class_name": "LeakyReLU", "config": {"name": "leaky_re_lu_95", "trainable": true, "dtype": "float32", "alpha": 0.10000000149011612}, "inbound_nodes": [[["conv2d_85", 0, 0, {}]]]}, {"name": "average_pooling2d_15", "class_name": "AveragePooling2D", "config": {"name": "average_pooling2d_15", "trainable": true, "dtype": "float32", "pool_size": [2, 2], "padding": "valid", "strides": [2, 2], "data_format": "channels_last"}, "inbound_nodes": [[["leaky_re_lu_95", 0, 0, {}]]]}, {"name": "conv2d_86", "class_name": "Conv2D", "config": {"name": "conv2d_86", "trainable": true, "dtype": "float32", "filters": 128, "kernel_size": [3, 3], "strides": [1, 1], "padding": "same", "data_format": "channels_last", "dilation_rate": [1, 1], "activation": "linear", "use_bias": true, "kernel_initializer": {"class_name": "VarianceScaling", "config": {"scale": 2.0, "mode": "fan_in", "distribution": "normal", "seed": null}}, "bias_initializer": {"class_name": "Zeros", "config": {}}, "kernel_regularizer": null, "bias_regularizer": null, "activity_regularizer": null, "kernel_constraint": null, "bias_constraint": null}, "inbound_nodes": [[["average_pooling2d_15", 0, 0, {}]]]}, {"name": "leaky_re_lu_96", "class_name": "LeakyReLU", "config": {"name": "leaky_re_lu_96", "trainable": true, "dtype": "float32", "alpha": 0.10000000149011612}, "inbound_nodes": [[["conv2d_86", 0, 0, {}]]]}, {"name": "conv2d_87", "class_name": "Conv2D", "config": {"name": "conv2d_87", "trainable": true, "dtype": "float32", "filters": 256, "kernel_size": [3, 3], "strides": [1, 1], "padding": "same", "data_format": "channels_last", "dilation_rate": [1, 1], "activation": "linear", "use_bias": true, "kernel_initializer": {"class_name": "VarianceScaling", "config": {"scale": 2.0, "mode": "fan_in", "distribution": "normal", "seed": null}}, "bias_initializer": {"class_name": "Zeros", "config": {}}, "kernel_regularizer": null, "bias_regularizer": null, "activity_regularizer": null, "kernel_constraint": null, "bias_constraint": null}, "inbound_nodes": [[["leaky_re_lu_96", 0, 0, {}]]]}, {"name": "leaky_re_lu_97", "class_name": "LeakyReLU", "config": {"name": "leaky_re_lu_97", "trainable": true, "dtype": "float32", "alpha": 0.10000000149011612}, "inbound_nodes": [[["conv2d_87", 0, 0, {}]]]}, {"name": "average_pooling2d_16", "class_name": "AveragePooling2D", "config": {"name": "average_pooling2d_16", "trainable": true, "dtype": "float32", "pool_size": [2, 2], "padding": "valid", "strides": [2, 2], "data_format": "channels_last"}, "inbound_nodes": [[["leaky_re_lu_97", 0, 0, {}]]]}, {"name": "conv2d_88", "class_name": "Conv2D", "config": {"name": "conv2d_88", "trainable": true, "dtype": "float32", "filters": 256, "kernel_size": [3, 3], "strides": [1, 1], "padding": "same", "data_format": "channels_last", "dilation_rate": [1, 1], "activation": "linear", "use_bias": true, "kernel_initializer": {"class_name": "VarianceScaling", "config": {"scale": 2.0, "mode": "fan_in", "distribution": "normal", "seed": null}}, "bias_initializer": {"class_name": "Zeros", "config": {}}, "kernel_regularizer": null, "bias_regularizer": null, "activity_regularizer": null, "kernel_constraint": null, "bias_constraint": null}, "inbound_nodes": [[["average_pooling2d_16", 0, 0, {}]]]}, {"name": "leaky_re_lu_98", "class_name": "LeakyReLU", "config": {"name": "leaky_re_lu_98", "trainable": true, "dtype": "float32", "alpha": 0.10000000149011612}, "inbound_nodes": [[["conv2d_88", 0, 0, {}]]]}, {"name": "flatten_4", "class_name": "Flatten", "config": {"name": "flatten_4", "trainable": true, "dtype": "float32", "data_format": "channels_last"}, "inbound_nodes": [[["leaky_re_lu_98", 0, 0, {}]]]}, {"name": "dense_25", "class_name": "Dense", "config": {"name": "dense_25", "trainable": true, "dtype": "float32", "units": 128, "activation": "linear", "use_bias": true, "kernel_initializer": {"class_name": "VarianceScaling", "config": {"scale": 1.0, "mode": "fan_avg", "distribution": "uniform", "seed": null}}, "bias_initializer": {"class_name": "Zeros", "config": {}}, "kernel_regularizer": null, "bias_regularizer": null, "activity_regularizer": null, "kernel_constraint": null, "bias_constraint": null}, "inbound_nodes": [[["flatten_4", 0, 0, {}]]]}, {"name": "activation_11", "class_name": "Activation", "config": {"name": "activation_11", "trainable": true, "dtype": "float32", "activation": "relu"}, "inbound_nodes": [[["dense_25", 0, 0, {}]]]}, {"name": "dropout_4", "class_name": "Dropout", "config": {"name": "dropout_4", "trainable": true, "dtype": "float32", "rate": 0.3, "noise_shape": null, "seed": null}, "inbound_nodes": [[["activation_11", 0, 0, {}]]]}, {"name": "dense_26", "class_name": "Dense", "config": {"name": "dense_26", "trainable": true, "dtype": "float32", "units": 1, "activation": "linear", "use_bias": true, "kernel_initializer": {"class_name": "VarianceScaling", "config": {"scale": 1.0, "mode": "fan_avg", "distribution": "uniform", "seed": null}}, "bias_initializer": {"class_name": "Zeros", "config": {}}, "kernel_regularizer": null, "bias_regularizer": null, "activity_regularizer": null, "kernel_constraint": null, "bias_constraint": null}, "inbound_nodes": [[["dropout_4", 0, 0, {}]]]}, {"name": "activation_12", "class_name": "Activation", "config": {"name": "activation_12", "trainable": true, "dtype": "float32", "activation": "sigmoid"}, "inbound_nodes": [[["dense_26", 0, 0, {}]]]}], "input_layers": [["input_31", 0, 0]], "output_layers": [["activation_12", 0, 0]]}, "keras_version": "2.2.5", "backend": "tensorflow"}