{"class_name": "Model", "config": {"name": "D_chain_2", "layers": [{"name": "input_23", "class_name": "InputLayer", "config": {"batch_input_shape": [null, 16, 16, 64], "dtype": "float32", "sparse": false, "name": "input_23"}, "inbound_nodes": []}, {"name": "conv2d_18", "class_name": "Conv2D", "config": {"name": "conv2d_18", "trainable": true, "dtype": "float32", "filters": 128, "kernel_size": [3, 3], "strides": [1, 1], "padding": "same", "data_format": "channels_last", "dilation_rate": [1, 1], "activation": "linear", "use_bias": true, "kernel_initializer": {"class_name": "RandomNormal", "config": {"mean": 0.0, "stddev": 0.04, "seed": null}}, "bias_initializer": {"class_name": "Zeros", "config": {}}, "kernel_regularizer": null, "bias_regularizer": null, "activity_regularizer": null, "kernel_constraint": {"class_name": "MaxNorm", "config": {"max_value": 1.0, "axis": 0}}, "bias_constraint": null}, "inbound_nodes": [[["input_23", 0, 0, {}]]]}, {"name": "pixel_normalization_9", "class_name": "PixelNormalization", "config": {"name": "pixel_normalization_9", "trainable": true, "dtype": "float32"}, "inbound_nodes": [[["conv2d_18", 0, 0, {}]]]}, {"name": "leaky_re_lu_9", "class_name": "LeakyReLU", "config": {"name": "leaky_re_lu_9", "trainable": true, "dtype": "float32", "alpha": 0.20000000298023224}, "inbound_nodes": [[["pixel_normalization_9", 0, 0, {}]]]}, {"name": "google_attention_4", "class_name": "GoogleAttention", "config": {"scale_channels": [8, 2], "name": "google_attention_4", "trainable": true, "dtype": "float32"}, "inbound_nodes": [[["leaky_re_lu_9", 0, 0, {}]]]}, {"name": "conv2d_19", "class_name": "Conv2D", "config": {"name": "conv2d_19", "trainable": true, "dtype": "float32", "filters": 128, "kernel_size": [3, 3], "strides": [1, 1], "padding": "same", "data_format": "channels_last", "dilation_rate": [1, 1], "activation": "linear", "use_bias": true, "kernel_initializer": {"class_name": "RandomNormal", "config": {"mean": 0.0, "stddev": 0.04, "seed": null}}, "bias_initializer": {"class_name": "Zeros", "config": {}}, "kernel_regularizer": null, "bias_regularizer": null, "activity_regularizer": null, "kernel_constraint": {"class_name": "MaxNorm", "config": {"max_value": 1.0, "axis": 0}}, "bias_constraint": null}, "inbound_nodes": [[["google_attention_4", 0, 0, {}]]]}, {"name": "pixel_normalization_10", "class_name": "PixelNormalization", "config": {"name": "pixel_normalization_10", "trainable": true, "dtype": "float32"}, "inbound_nodes": [[["conv2d_19", 0, 0, {}]]]}, {"name": "leaky_re_lu_10", "class_name": "LeakyReLU", "config": {"name": "leaky_re_lu_10", "trainable": true, "dtype": "float32", "alpha": 0.20000000298023224}, "inbound_nodes": [[["pixel_normalization_10", 0, 0, {}]]]}, {"name": "average_pooling2d_5", "class_name": "AveragePooling2D", "config": {"name": "average_pooling2d_5", "trainable": true, "dtype": "float32", "pool_size": [2, 2], "padding": "valid", "strides": [2, 2], "data_format": "channels_last"}, "inbound_nodes": [[["leaky_re_lu_10", 0, 0, {}]]]}], "input_layers": [["input_23", 0, 0]], "output_layers": [["average_pooling2d_5", 0, 0]]}, "keras_version": "2.2.5", "backend": "tensorflow"}