{"class_name": "Model", "config": {"name": "input_layers_3_for_D", "layers": [{"name": "input_44", "class_name": "InputLayer", "config": {"batch_input_shape": [null, 32, 32, 3], "dtype": "float32", "sparse": false, "name": "input_44"}, "inbound_nodes": []}, {"name": "conv2d_36", "class_name": "Conv2D", "config": {"name": "conv2d_36", "trainable": true, "dtype": "float32", "filters": 64, "kernel_size": [1, 1], "strides": [1, 1], "padding": "valid", "data_format": "channels_last", "dilation_rate": [1, 1], "activation": "linear", "use_bias": true, "kernel_initializer": {"class_name": "RandomNormal", "config": {"mean": 0.0, "stddev": 0.04, "seed": null}}, "bias_initializer": {"class_name": "Zeros", "config": {}}, "kernel_regularizer": null, "bias_regularizer": null, "activity_regularizer": null, "kernel_constraint": {"class_name": "MaxNorm", "config": {"max_value": 1.0, "axis": 0}}, "bias_constraint": null}, "inbound_nodes": [[["input_44", 0, 0, {}]]]}, {"name": "leaky_re_lu_18", "class_name": "LeakyReLU", "config": {"name": "leaky_re_lu_18", "trainable": true, "dtype": "float32", "alpha": 0.20000000298023224}, "inbound_nodes": [[["conv2d_36", 0, 0, {}]]]}], "input_layers": [["input_44", 0, 0]], "output_layers": [["leaky_re_lu_18", 0, 0]]}, "keras_version": "2.2.5", "backend": "tensorflow"}