{"class_name": "Model", "config": {"name": "output_layers_3_for_G", "layers": [{"name": "input_50", "class_name": "InputLayer", "config": {"batch_input_shape": [null, 32, 32, 64], "dtype": "float32", "sparse": false, "name": "input_50"}, "inbound_nodes": []}, {"name": "conv2d_37", "class_name": "Conv2D", "config": {"name": "conv2d_37", "trainable": true, "dtype": "float32", "filters": 3, "kernel_size": [1, 1], "strides": [1, 1], "padding": "same", "data_format": "channels_last", "dilation_rate": [1, 1], "activation": "linear", "use_bias": true, "kernel_initializer": {"class_name": "RandomNormal", "config": {"mean": 0.0, "stddev": 0.04, "seed": null}}, "bias_initializer": {"class_name": "Zeros", "config": {}}, "kernel_regularizer": null, "bias_regularizer": null, "activity_regularizer": null, "kernel_constraint": {"class_name": "MaxNorm", "config": {"max_value": 1.0, "axis": 0}}, "bias_constraint": null}, "inbound_nodes": [[["input_50", 0, 0, {}]]]}, {"name": "activation_3", "class_name": "Activation", "config": {"name": "activation_3", "trainable": true, "dtype": "float32", "activation": "tanh"}, "inbound_nodes": [[["conv2d_37", 0, 0, {}]]]}], "input_layers": [["input_50", 0, 0]], "output_layers": [["activation_3", 0, 0]]}, "keras_version": "2.2.5", "backend": "tensorflow"}