{"class_name": "Model", "config": {"name": "output_layers_3_for_D", "layers": [{"name": "input_35", "class_name": "InputLayer", "config": {"batch_input_shape": [null, 4, 4, 512], "dtype": "float32", "sparse": false, "name": "input_35"}, "inbound_nodes": []}, {"name": "mini_batch_standard_deviation_1", "class_name": "MiniBatchStandardDeviation", "config": {"name": "mini_batch_standard_deviation_1", "trainable": true, "dtype": "float32"}, "inbound_nodes": [[["input_35", 0, 0, {}]]]}, {"name": "flatten_1", "class_name": "Flatten", "config": {"name": "flatten_1", "trainable": true, "dtype": "float32", "data_format": "channels_last"}, "inbound_nodes": [[["mini_batch_standard_deviation_1", 0, 0, {}]]]}, {"name": "dense_1", "class_name": "Dense", "config": {"name": "dense_1", "trainable": true, "dtype": "float32", "units": 1, "activation": "linear", "use_bias": true, "kernel_initializer": {"class_name": "RandomNormal", "config": {"mean": 0.0, "stddev": 0.04, "seed": null}}, "bias_initializer": {"class_name": "Zeros", "config": {}}, "kernel_regularizer": null, "bias_regularizer": null, "activity_regularizer": null, "kernel_constraint": {"class_name": "MaxNorm", "config": {"max_value": 1.0, "axis": 0}}, "bias_constraint": null}, "inbound_nodes": [[["flatten_1", 0, 0, {}]]]}, {"name": "activation_1", "class_name": "Activation", "config": {"name": "activation_1", "trainable": true, "dtype": "float32", "activation": "linear"}, "inbound_nodes": [[["dense_1", 0, 0, {}]]]}], "input_layers": [["input_35", 0, 0]], "output_layers": [["activation_1", 0, 0]]}, "keras_version": "2.2.5", "backend": "tensorflow"}